enrichment_id,account_id,domain,employee_count,funding_stage,funding_amount_usd,tech_stack,open_ml_roles,open_data_infra_roles,company_summary,personalization_hook,enrichment_source,enriched_at
ENR-00001,ACC-00001,acme-ai.example,85,Series A,8000000,"databricks,go,kubernetes,react,spark",1,4,Acme AI is a Series A AI/ML company with roughly 85 employees.,your ai/ml roadmap and recent Series A momentum,clay_csv,2026-09-14 23:00:00
ENR-00002,ACC-00002,globex-enterprise.example,4200,Public,0,"postgres,python,snowflake,spark",0,4,Globex Enterprise is a Public SaaS company with roughly 4200 employees.,your saas roadmap and recent Public momentum,clay_csv,2026-09-02 23:00:00
ENR-00003,ACC-00003,initech-ml.example,3200,Series B,45000000,"kubernetes,pytorch",2,3,Initech ML builds inference infrastructure for mid-market ML teams; product usage grew 40% month over month.,your recent push into multi-region inference and the open ML platform roles you're hiring for,clay_csv,2026-09-14 23:00:00
ENR-00004,ACC-00004,cinderlabs.com,60,Series A,150000000,"gcp,postgres,python,pytorch,snowflake",3,0,Cinder Labs is a Series A Healthcare company with roughly 60 employees.,your healthcare roadmap and recent Series A momentum,clay_csv,2026-09-06 23:00:00
ENR-00006,ACC-00006,harborlogic.com,4000,Series B,0,"gcp,python,pytorch,snowflake",0,2,Harbor Logic is a Series B Developer Tools company with roughly 4000 employees.,your developer tools roadmap and recent Series B momentum,clay_csv,2026-08-30 23:00:00
ENR-00007,ACC-00007,keplerpay.ai,12,Series C,0,"aws,go,huggingface,postgres",0,0,Kepler Pay is a Series C E-commerce company with roughly 12 employees.,your e-commerce roadmap and recent Series C momentum,clay_csv,2026-08-31 23:00:00
ENR-00009,ACC-00009,lumenanalytics.ai,8000,Seed,150000000,"go,huggingface,react",1,0,Lumen Analytics is a Seed Fintech company with roughly 8000 employees.,your fintech roadmap and recent Seed momentum,clay_csv,2026-09-06 23:00:00
ENR-00010,ACC-00010,lumenhealth.com,2600,Series B,2000000,"gcp,python",1,0,Lumen Health is a Series B Developer Tools company with roughly 2600 employees.,your developer tools roadmap and recent Series B momentum,clay_csv,2026-09-06 23:00:00
ENR-00011,ACC-00011,,60,Series C,0,"go,postgres",3,2,Helix Robotics is a Series C AI/ML company with roughly 60 employees.,your ai/ml roadmap and recent Series C momentum,clay_csv,2026-09-02 23:00:00
ENR-00013,ACC-00013,emberhealth.ai,40,Series B,2000000,"databricks,gcp,go,python,snowflake",0,0,Nova Data is a Series B Fintech company with roughly 40 employees.,your fintech roadmap and recent Series B momentum,clay_csv,2026-09-14 23:00:00
ENR-00014,ACC-00014,emberhealth.ai,2600,Series C,2000000,"huggingface,react",0,4,Ember Health is a Series C Logistics company with roughly 2600 employees.,your logistics roadmap and recent Series C momentum,clay_csv,2026-09-03 23:00:00
ENR-00015,ACC-00015,pixelcloud.co,320,Series A,0,"databricks,kubernetes,postgres,python,snowflake",3,4,Vector Cloud is a Series A E-commerce company with roughly 320 employees.,your e-commerce roadmap and recent Series A momentum,clay_csv,2026-09-19 23:00:00
ENR-00016,ACC-00016,pixelcloud.co,2600,Series B,0,"go,snowflake",0,1,Pixel Cloud is a Series B SaaS company with roughly 2600 employees.,your saas roadmap and recent Series B momentum,clay_csv,2026-09-15 23:00:00
ENR-00018,ACC-00018,keplersystems.co,12,Series D,150000000,"aws,go,huggingface,postgres,pytorch",5,0,Kepler Systems is a Series D AI/ML company with roughly 12 employees.,your ai/ml roadmap and recent Series D momentum,clay_csv,2026-09-05 23:00:00
ENR-00020,ACC-00020,atlasworks.com,25,Series C,2000000,"databricks,huggingface,postgres,react",0,0,Atlas Works is a Series C Fintech company with roughly 25 employees.,your fintech roadmap and recent Series C momentum,clay_csv,2026-09-11 23:00:00
ENR-00022,ACC-00022,harborsystems.com,120,Series D,150000000,"snowflake,spark",1,1,Harbor Systems is a Series D E-commerce company with roughly 120 employees.,your e-commerce roadmap and recent Series D momentum,clay_csv,2026-09-11 23:00:00
ENR-00023,ACC-00023,helixsystems.ai,800,Public,8000000,"aws,databricks,postgres,react,snowflake",1,2,Helix Systems is a Public Healthcare company with roughly 800 employees.,your healthcare roadmap and recent Public momentum,clay_csv,2026-09-08 23:00:00
ENR-00024,ACC-00024,ridgeanalytics.co,200,Series D,150000000,"databricks,huggingface",3,1,Ridge Analytics is a Series D AI/ML company with roughly 200 employees.,your ai/ml roadmap and recent Series D momentum,clay_csv,2026-09-17 23:00:00
ENR-00025,ACC-00025,vectorcloudinc.com,25,Public,2000000,"huggingface,kubernetes,pytorch,snowflake",0,4,Vector Cloud Inc is a Public Healthcare company with roughly 25 employees.,your healthcare roadmap and recent Public momentum,clay_csv,2026-09-10 23:00:00
ENR-00026,ACC-00026,orbitnetworks.co,40,Series A,0,"databricks,huggingface,postgres,python,snowflake",5,2,Orbit Networks is a Series A Media company with roughly 40 employees.,your media roadmap and recent Series A momentum,clay_csv,2026-09-11 23:00:00
ENR-00027,ACC-00027,helixworks.io,320,Public,60000000,"aws,go,python,react,snowflake",0,0,Helix Works is a Public Healthcare company with roughly 320 employees.,your healthcare roadmap and recent Public momentum,clay_csv,2026-08-31 23:00:00
ENR-00028,ACC-00028,emberworks.co,60,Seed,0,"gcp,spark",2,0,Ember Works is a Seed AI/ML company with roughly 60 employees.,your ai/ml roadmap and recent Seed momentum,clay_csv,2026-09-08 23:00:00
ENR-00029,ACC-00029,meridiancloud.io,4000,Series B,25000000,"postgres,snowflake,spark",3,0,Meridian Cloud is a Series B AI/ML company with roughly 4000 employees.,your ai/ml roadmap and recent Series B momentum,clay_csv,2026-09-08 23:00:00
ENR-00030,ACC-00030,vectoranalytics.com,120,Series C,0,"databricks,gcp,kubernetes,snowflake",0,4,Vector Analytics is a Series C Developer Tools company with roughly 120 employees.,your developer tools roadmap and recent Series C momentum,clay_csv,2026-09-16 23:00:00
ENR-00032,ACC-00032,lumennetworks.co,320,Series B,25000000,"huggingface,kubernetes",3,2,Lumen Networks is a Series B SaaS company with roughly 320 employees.,your saas roadmap and recent Series B momentum,clay_csv,2026-09-05 23:00:00
ENR-00033,ACC-00033,novanetworks.com,4000,Series A,60000000,"aws,gcp,postgres,pytorch,spark",3,1,Nova Networks is a Series A AI/ML company with roughly 4000 employees.,your ai/ml roadmap and recent Series A momentum,clay_csv,2026-09-14 23:00:00
ENR-00034,ACC-00034,helixcloud.co,40,Series A,150000000,"pytorch,react,snowflake,spark",2,0,Helix Cloud is a Series A AI/ML company with roughly 40 employees.,your ai/ml roadmap and recent Series A momentum,clay_csv,2026-09-02 23:00:00
ENR-00035,ACC-00035,emberworksinc.com,800,Series D,60000000,"gcp,react,snowflake",1,0,Ember Works Inc is a Series D Fintech company with roughly 800 employees.,your fintech roadmap and recent Series D momentum,clay_csv,2026-09-16 23:00:00
ENR-00036,ACC-00036,signalhealth.co,320,Series D,150000000,"postgres,python,react,snowflake,spark",0,0,Signal Health is a Series D Developer Tools company with roughly 320 employees.,your developer tools roadmap and recent Series D momentum,clay_csv,2026-09-02 23:00:00
ENR-00037,ACC-00037,nimbushealth.ai,8000,Series B,2000000,"databricks,go,huggingface,postgres,react",0,0,Nimbus Health is a Series B Media company with roughly 8000 employees.,your media roadmap and recent Series B momentum,clay_csv,2026-09-01 23:00:00
ENR-00038,ACC-00038,novaroboticstech.io,60,Public,8000000,"aws,huggingface,react,snowflake,spark",1,0,Nova Robotics Tech is a Public AI/ML company with roughly 60 employees.,your ai/ml roadmap and recent Public momentum,clay_csv,2026-09-15 23:00:00
ENR-00039,ACC-00039,vectorrobotics.ai,1500,Series B,25000000,"aws,kubernetes,spark",0,0,Vector Robotics is a Series B AI/ML company with roughly 1500 employees.,your ai/ml roadmap and recent Series B momentum,clay_csv,2026-09-09 23:00:00
ENR-00040,ACC-00040,vectorworks.com,25,Series B,25000000,"gcp,kubernetes,pytorch,react",0,1,Vector Works is a Series B E-commerce company with roughly 25 employees.,your e-commerce roadmap and recent Series B momentum,clay_csv,2026-09-11 23:00:00
ENR-00041,ACC-00041,beaconlabs.io,12,Series B,25000000,"react,spark",1,4,Beacon Labs is a Series B Developer Tools company with roughly 12 employees.,your developer tools roadmap and recent Series B momentum,clay_csv,2026-09-14 23:00:00
ENR-00042,ACC-00042,summitworks.ai,60,Series C,0,"go,python,pytorch,spark",3,0,Summit Works is a Series C Media company with roughly 60 employees.,your media roadmap and recent Series C momentum,clay_csv,2026-09-18 23:00:00
ENR-00043,ACC-00043,atlashealth.io,120,Series B,60000000,"databricks,go,huggingface",3,1,Atlas Health is a Series B Fintech company with roughly 120 employees.,your fintech roadmap and recent Series B momentum,clay_csv,2026-08-30 23:00:00
ENR-00045,ACC-00045,quantacloud.ai,500,Series D,60000000,"databricks,gcp,kubernetes,postgres",3,1,Quanta Cloud is a Series D SaaS company with roughly 500 employees.,your saas roadmap and recent Series D momentum,clay_csv,2026-09-05 23:00:00
ENR-00046,ACC-00046,ridgenetworks.com,800,Series A,8000000,"aws,gcp,huggingface,postgres,snowflake",0,0,Ridge Networks is a Series A Fintech company with roughly 800 employees.,your fintech roadmap and recent Series A momentum,clay_csv,2026-09-09 23:00:00
ENR-00047,ACC-00047,orbitdata.com,4000,Series B,8000000,"react,snowflake,spark",1,1,Orbit Data is a Series B E-commerce company with roughly 4000 employees.,your e-commerce roadmap and recent Series B momentum,clay_csv,2026-09-16 23:00:00
ENR-00048,ACC-00048,ridgecloud.ai,2600,Series D,2000000,"aws,gcp,kubernetes,python,pytorch",2,0,Ridge Cloud is a Series D AI/ML company with roughly 2600 employees.,your ai/ml roadmap and recent Series D momentum,clay_csv,2026-09-07 23:00:00
ENR-00049,ACC-00049,atlasai.com,120,Seed,150000000,"go,huggingface,snowflake",2,0,Atlas AI is a Seed Fintech company with roughly 120 employees.,your fintech roadmap and recent Seed momentum,clay_csv,2026-09-13 23:00:00
ENR-00050,ACC-00050,cinderdata.io,800,Series C,8000000,"databricks,kubernetes,postgres,python,pytorch",2,4,Cinder Data is a Series C Healthcare company with roughly 800 employees.,your healthcare roadmap and recent Series C momentum,clay_csv,2026-09-03 23:00:00
ENR-00051,ACC-00051,lumenlabs.io,200,Series B,25000000,"huggingface,kubernetes,postgres,python",0,0,Lumen Labs is a Series B Developer Tools company with roughly 200 employees.,your developer tools roadmap and recent Series B momentum,clay_csv,2026-08-31 23:00:00
ENR-00052,ACC-00052,orbitai.ai,8000,Public,2000000,"databricks,pytorch",5,2,Orbit AI is a Public SaaS company with roughly 8000 employees.,your saas roadmap and recent Public momentum,clay_csv,2026-09-15 23:00:00
ENR-00053,ACC-00053,helixnetworks.io,200,Series C,150000000,"databricks,gcp,python,snowflake,spark",5,1,Helix Networks is a Series C Fintech company with roughly 200 employees.,your fintech roadmap and recent Series C momentum,clay_csv,2026-09-08 23:00:00
ENR-00054,ACC-00054,orbitcloud.io,8000,Series A,25000000,"aws,go,kubernetes,pytorch,react",0,2,Orbit Cloud is a Series A Logistics company with roughly 8000 employees.,your logistics roadmap and recent Series A momentum,clay_csv,2026-09-16 23:00:00
ENR-00055,ACC-00055,signalrobotics.ai,320,Series C,2000000,"gcp,go,react",1,4,Signal Robotics is a Series C Healthcare company with roughly 320 employees.,your healthcare roadmap and recent Series C momentum,clay_csv,2026-09-07 23:00:00
ENR-00056,ACC-00056,atlassystems.com,12,Series D,0,"aws,huggingface,postgres,react",0,0,Atlas Systems is a Series D SaaS company with roughly 12 employees.,your saas roadmap and recent Series D momentum,clay_csv,2026-08-31 23:00:00
ENR-00057,ACC-00057,emberanalytics.ai,60,Series A,25000000,"aws,databricks,go,kubernetes",0,1,Ember Analytics is a Series A E-commerce company with roughly 60 employees.,your e-commerce roadmap and recent Series A momentum,clay_csv,2026-09-01 23:00:00
ENR-00058,ACC-00058,beaconanalytics.ai,8000,Series A,8000000,"go,postgres,python,snowflake",3,4,Beacon Analytics is a Series A E-commerce company with roughly 8000 employees.,your e-commerce roadmap and recent Series A momentum,clay_csv,2026-09-16 23:00:00
ENR-00059,ACC-00059,beaconnetworks.ai,25,Series D,150000000,"go,postgres",3,1,Beacon Networks is a Series D Media company with roughly 25 employees.,your media roadmap and recent Series D momentum,clay_csv,2026-09-11 23:00:00
ENR-00060,ACC-00060,summitdata.com,320,Series A,0,"go,postgres",3,4,Summit Data is a Series A AI/ML company with roughly 320 employees.,your ai/ml roadmap and recent Series A momentum,clay_csv,2026-09-14 23:00:00
ENR-00061,ACC-00061,ridgeworks.com,1500,Series A,150000000,"aws,gcp,python,pytorch,spark",5,4,Ridge Works is a Series A SaaS company with roughly 1500 employees.,your saas roadmap and recent Series A momentum,clay_csv,2026-09-13 23:00:00
ENR-00063,ACC-00063,pixelnetworks.com,120,Series B,60000000,"databricks,go,react",0,2,Pixel Networks is a Series B Healthcare company with roughly 120 employees.,your healthcare roadmap and recent Series B momentum,clay_csv,2026-09-04 23:00:00
ENR-00064,ACC-00064,pixelhealth.ai,60,Series B,60000000,"gcp,huggingface,react",5,0,Pixel Health is a Series B Developer Tools company with roughly 60 employees.,your developer tools roadmap and recent Series B momentum,clay_csv,2026-09-09 23:00:00
ENR-00065,ACC-00065,ridgelogic.ai,12,Series A,8000000,"aws,postgres,react,snowflake",2,4,Ridge Logic is a Series A SaaS company with roughly 12 employees.,your saas roadmap and recent Series A momentum,clay_csv,2026-09-02 23:00:00
ENR-00066,ACC-00066,summitlogic.ai,500,Series C,25000000,"gcp,go,huggingface,kubernetes,react",5,1,Summit Logic is a Series C Developer Tools company with roughly 500 employees.,your developer tools roadmap and recent Series C momentum,clay_csv,2026-09-12 23:00:00
ENR-00067,ACC-00067,signalnetworksinc.ai,2600,Series B,60000000,"huggingface,postgres,snowflake",1,1,Signal Networks Inc is a Series B Developer Tools company with roughly 2600 employees.,your developer tools roadmap and recent Series B momentum,clay_csv,2026-09-04 23:00:00
ENR-00068,ACC-00068,novadataco.io,12,Series A,2000000,"go,spark",5,1,Nova Data Co is a Series A AI/ML company with roughly 12 employees.,your ai/ml roadmap and recent Series A momentum,clay_csv,2026-09-02 23:00:00
ENR-00069,ACC-00069,quantapay.co,1500,Series A,150000000,"huggingface,kubernetes,python",2,1,Quanta Pay is a Series A E-commerce company with roughly 1500 employees.,your e-commerce roadmap and recent Series A momentum,clay_csv,2026-09-17 23:00:00
ENR-00070,ACC-00070,zenithhealth.io,4000,Seed,60000000,"gcp,go,huggingface,kubernetes,react",2,1,Zenith Health is a Seed AI/ML company with roughly 4000 employees.,your ai/ml roadmap and recent Seed momentum,clay_csv,2026-09-15 23:00:00
ENR-00071,ACC-00071,keplersystemstech.com,25,Series B,0,"python,react,spark",5,4,Kepler Systems Tech is a Series B Developer Tools company with roughly 25 employees.,your developer tools roadmap and recent Series B momentum,clay_csv,2026-09-12 23:00:00
ENR-00072,ACC-00072,meridianlogic.ai,500,Series B,8000000,"aws,huggingface,postgres,pytorch",0,0,Meridian Logic is a Series B Logistics company with roughly 500 employees.,your logistics roadmap and recent Series B momentum,clay_csv,2026-09-19 23:00:00
ENR-00073,ACC-00073,cobaltworks.co,4000,Series D,60000000,"gcp,kubernetes,postgres,snowflake,spark",0,2,Cobalt Works is a Series D Media company with roughly 4000 employees.,your media roadmap and recent Series D momentum,clay_csv,2026-09-10 23:00:00
ENR-00074,ACC-00074,keplernetworks.ai,800,Series B,0,"aws,databricks",0,4,Kepler Networks is a Series B Healthcare company with roughly 800 employees.,your healthcare roadmap and recent Series B momentum,clay_csv,2026-09-14 23:00:00
ENR-00075,ACC-00075,emberlabs.ai,200,Series A,150000000,"aws,go,kubernetes,python,spark",0,2,Ember Labs is a Series A SaaS company with roughly 200 employees.,your saas roadmap and recent Series A momentum,clay_csv,2026-09-01 23:00:00
ENR-00076,ACC-00076,orbitsystems.io,40,Series C,8000000,"aws,gcp,kubernetes,postgres,react",1,1,Orbit Systems is a Series C SaaS company with roughly 40 employees.,your saas roadmap and recent Series C momentum,clay_csv,2026-09-16 23:00:00
ENR-00077,ACC-00077,cobaltanalytics.co,60,Series C,60000000,"aws,huggingface,python,snowflake",5,2,Cobalt Analytics is a Series C SaaS company with roughly 60 employees.,your saas roadmap and recent Series C momentum,clay_csv,2026-09-10 23:00:00
ENR-00078,ACC-00078,nimbuslogic.co,200,Series A,25000000,"databricks,huggingface,pytorch,react,snowflake",0,0,Nimbus Logic is a Series A Developer Tools company with roughly 200 employees.,your developer tools roadmap and recent Series A momentum,clay_csv,2026-09-16 23:00:00
ENR-00079,ACC-00079,meridianrobotics.io,120,Series B,2000000,"databricks,kubernetes,python",0,2,Meridian Robotics is a Series B Developer Tools company with roughly 120 employees.,your developer tools roadmap and recent Series B momentum,clay_csv,2026-09-12 23:00:00
ENR-00080,ACC-00080,pixelnetworkstech.io,40,Public,2000000,"kubernetes,spark",1,1,Pixel Networks Tech is a Public E-commerce company with roughly 40 employees.,your e-commerce roadmap and recent Public momentum,clay_csv,2026-09-08 23:00:00
ENR-00081,ACC-00081,beaconlogic.com,320,Seed,8000000,"aws,databricks,kubernetes,react",0,0,Beacon Logic is a Seed AI/ML company with roughly 320 employees.,your ai/ml roadmap and recent Seed momentum,clay_csv,2026-09-16 23:00:00
ENR-00082,ACC-00082,vectordata.co,500,Series A,25000000,"aws,gcp,postgres",1,1,Vector Data is a Series A SaaS company with roughly 500 employees.,your saas roadmap and recent Series A momentum,clay_csv,2026-09-15 23:00:00
ENR-00083,ACC-00083,cobaltdata.com,4000,Series B,8000000,"gcp,go,pytorch,react,spark",3,1,Cobalt Data is a Series B Developer Tools company with roughly 4000 employees.,your developer tools roadmap and recent Series B momentum,clay_csv,2026-09-03 23:00:00
ENR-00084,ACC-00084,cinderlabsinc.com,60,Series D,0,"python,react",5,1,Cinder Labs Inc is a Series D Logistics company with roughly 60 employees.,your logistics roadmap and recent Series D momentum,clay_csv,2026-09-03 23:00:00
ENR-00085,ACC-00085,novalabs.io,120,Series C,0,"gcp,postgres,pytorch,react",3,0,Nova Labs is a Series C Developer Tools company with roughly 120 employees.,your developer tools roadmap and recent Series C momentum,clay_csv,2026-09-01 23:00:00
ENR-00086,ACC-00086,ridgerobotics.com,40,Public,150000000,"aws,postgres",3,2,Ridge Robotics is a Public Healthcare company with roughly 40 employees.,your healthcare roadmap and recent Public momentum,clay_csv,2026-09-03 23:00:00
ENR-00087,ACC-00087,nimbusdata.co,4000,Series A,25000000,"databricks,huggingface,kubernetes,python,spark",3,0,Nimbus Data is a Series A SaaS company with roughly 4000 employees.,your saas roadmap and recent Series A momentum,clay_csv,2026-09-19 23:00:00
ENR-00088,ACC-00088,keplerlabs.ai,1500,Series C,0,"python,pytorch,react,snowflake,spark",3,0,Kepler Labs is a Series C E-commerce company with roughly 1500 employees.,your e-commerce roadmap and recent Series C momentum,clay_csv,2026-09-04 23:00:00
ENR-00090,ACC-00090,cobaltpay.com,200,Series B,2000000,"aws,databricks,postgres,pytorch,spark",0,2,Cobalt Pay is a Series B Developer Tools company with roughly 200 employees.,your developer tools roadmap and recent Series B momentum,clay_csv,2026-08-30 23:00:00
ENR-00091,ACC-00091,cobaltsystems.ai,800,Series C,25000000,"aws,gcp,huggingface,python,react",0,0,Cobalt Systems is a Series C Fintech company with roughly 800 employees.,your fintech roadmap and recent Series C momentum,clay_csv,2026-09-10 23:00:00
ENR-00092,ACC-00092,summitdatagroup.io,25,Series A,8000000,"aws,gcp,huggingface,postgres,snowflake",5,4,Summit Data Group is a Series A E-commerce company with roughly 25 employees.,your e-commerce roadmap and recent Series A momentum,clay_csv,2026-09-11 23:00:00
ENR-00093,ACC-00093,emberlogictech.ai,200,Series A,0,"gcp,go,huggingface,python,pytorch",5,0,Ember Logic Tech is a Series A AI/ML company with roughly 200 employees.,your ai/ml roadmap and recent Series A momentum,clay_csv,2026-09-16 23:00:00
ENR-00094,ACC-00094,atlasanalytics.ai,4000,Series D,60000000,"gcp,python",2,4,Atlas Analytics is a Series D E-commerce company with roughly 4000 employees.,your e-commerce roadmap and recent Series D momentum,clay_csv,2026-09-07 23:00:00
ENR-00095,ACC-00095,harborcloud.com,320,Series B,150000000,"aws,react",3,0,Harbor Cloud is a Series B SaaS company with roughly 320 employees.,your saas roadmap and recent Series B momentum,clay_csv,2026-09-10 23:00:00
ENR-00096,ACC-00096,cinderrobotics.co,12,Seed,2000000,"aws,gcp,kubernetes,react",5,4,Cinder Robotics is a Seed Developer Tools company with roughly 12 employees.,your developer tools roadmap and recent Seed momentum,clay_csv,2026-09-12 23:00:00
ENR-00097,ACC-00097,keplerdata.ai,800,Series A,25000000,"databricks,huggingface,spark",1,0,Kepler Data is a Series A Developer Tools company with roughly 800 employees.,your developer tools roadmap and recent Series A momentum,clay_csv,2026-09-02 23:00:00
ENR-00098,ACC-00098,pixelanalytics.co,120,Series A,150000000,"aws,databricks,huggingface,spark",1,2,Pixel Analytics is a Series A SaaS company with roughly 120 employees.,your saas roadmap and recent Series A momentum,clay_csv,2026-09-10 23:00:00
ENR-00099,ACC-00099,pixellabs.io,4000,Series B,0,"aws,kubernetes,postgres",3,2,Pixel Labs is a Series B AI/ML company with roughly 4000 employees.,your ai/ml roadmap and recent Series B momentum,clay_csv,2026-09-18 23:00:00
ENR-00100,ACC-00100,harborlogicgroup.com,120,Series A,25000000,"databricks,gcp,kubernetes",2,4,Harbor Logic Group is a Series A E-commerce company with roughly 120 employees.,your e-commerce roadmap and recent Series A momentum,clay_csv,2026-09-13 23:00:00
ENR-00101,ACC-00101,nimbusrobotics.io,12,Series B,150000000,"gcp,python,pytorch,react",0,2,Nimbus Robotics is a Series B SaaS company with roughly 12 employees.,your saas roadmap and recent Series B momentum,clay_csv,2026-09-11 23:00:00
ENR-00102,ACC-00102,cinderpay.com,1500,Series A,0,"gcp,go",3,4,Cinder Pay is a Series A E-commerce company with roughly 1500 employees.,your e-commerce roadmap and recent Series A momentum,clay_csv,2026-09-02 23:00:00
ENR-00103,ACC-00103,pixelsystems.com,500,Seed,2000000,"gcp,huggingface",0,1,Pixel Systems is a Seed SaaS company with roughly 500 employees.,your saas roadmap and recent Seed momentum,clay_csv,2026-09-16 23:00:00
ENR-00104,ACC-00104,zenithlabs.com,8000,Series B,60000000,"databricks,gcp,react",2,0,Zenith Labs is a Series B AI/ML company with roughly 8000 employees.,your ai/ml roadmap and recent Series B momentum,clay_csv,2026-09-09 23:00:00
ENR-00105,ACC-00105,keplerlabstech.io,320,Series B,25000000,"huggingface,kubernetes,react,snowflake",2,2,Kepler Labs Tech is a Series B Healthcare company with roughly 320 employees.,your healthcare roadmap and recent Series B momentum,clay_csv,2026-09-04 23:00:00
ENR-00106,ACC-00106,summithealth.ai,12,Series B,150000000,"databricks,gcp,snowflake,spark",5,2,Summit Health is a Series B Developer Tools company with roughly 12 employees.,your developer tools roadmap and recent Series B momentum,clay_csv,2026-09-18 23:00:00
ENR-00107,ACC-00107,helixnetworksco.ai,40,Series A,0,"databricks,go,react,spark",0,0,Helix Networks Co is a Series A Fintech company with roughly 40 employees.,your fintech roadmap and recent Series A momentum,clay_csv,2026-09-10 23:00:00
ENR-00108,ACC-00108,signalai.co,1500,Series B,8000000,"postgres,react,snowflake",1,0,Signal AI is a Series B Developer Tools company with roughly 1500 employees.,your developer tools roadmap and recent Series B momentum,clay_csv,2026-09-11 23:00:00
ENR-00109,ACC-00109,deltarobotics.ai,500,Seed,8000000,"aws,huggingface,snowflake",2,2,Delta Robotics is a Seed Healthcare company with roughly 500 employees.,your healthcare roadmap and recent Seed momentum,clay_csv,2026-09-15 23:00:00
ENR-00110,ACC-00110,cinderlogic.io,800,Series A,25000000,"python,react",2,0,Cinder Logic is a Series A Developer Tools company with roughly 800 employees.,your developer tools roadmap and recent Series A momentum,clay_csv,2026-09-17 23:00:00
ENR-00111,ACC-00111,orbitlabs.com,120,Series B,150000000,"aws,databricks",5,0,Orbit Labs is a Series B AI/ML company with roughly 120 employees.,your ai/ml roadmap and recent Series B momentum,clay_csv,2026-08-30 23:00:00
ENR-00112,ACC-00112,emberlabstech.ai,120,Series B,0,"postgres,react,snowflake",5,0,Ember Labs Tech is a Series B Healthcare company with roughly 120 employees.,your healthcare roadmap and recent Series B momentum,clay_csv,2026-09-18 23:00:00
ENR-00113,ACC-00113,quantalogic.com,4000,Series A,8000000,"databricks,go,huggingface,python,react",5,4,Quanta Logic is a Series A E-commerce company with roughly 4000 employees.,your e-commerce roadmap and recent Series A momentum,clay_csv,2026-09-19 23:00:00
ENR-00115,ACC-00115,cinderpaygroup.io,320,Series B,0,"aws,huggingface,pytorch,react,spark",3,1,Cinder Pay Group is a Series B Logistics company with roughly 320 employees.,your logistics roadmap and recent Series B momentum,clay_csv,2026-09-12 23:00:00
ENR-00116,ACC-00116,zenithanalytics.co,2600,Seed,150000000,"databricks,kubernetes,pytorch,snowflake",3,1,Zenith Analytics is a Seed SaaS company with roughly 2600 employees.,your saas roadmap and recent Seed momentum,clay_csv,2026-09-07 23:00:00
ENR-00117,ACC-00117,cobaltrobotics.co,320,Series C,2000000,"huggingface,spark",0,0,Cobalt Robotics is a Series C SaaS company with roughly 320 employees.,your saas roadmap and recent Series C momentum,clay_csv,2026-09-18 23:00:00
ENR-00118,ACC-00118,emberlabsgroup.ai,8000,Series A,25000000,"aws,huggingface,python,pytorch,spark",2,2,Ember Labs Group is a Series A SaaS company with roughly 8000 employees.,your saas roadmap and recent Series A momentum,clay_csv,2026-09-04 23:00:00
ENR-00119,ACC-00119,novaworks.co,60,Series B,25000000,"python,react",5,1,Nova Works is a Series B SaaS company with roughly 60 employees.,your saas roadmap and recent Series B momentum,clay_csv,2026-09-12 23:00:00
ENR-00120,ACC-00120,cinderpayinc.io,40,Public,8000000,"kubernetes,python,pytorch,react",5,4,Cinder Pay Inc is a Public SaaS company with roughly 40 employees.,your saas roadmap and recent Public momentum,clay_csv,2026-09-01 23:00:00
ENR-00121,ACC-00121,lumenai.io,120,Series B,0,"aws,databricks,go",0,1,Lumen AI is a Series B Healthcare company with roughly 120 employees.,your healthcare roadmap and recent Series B momentum,clay_csv,2026-09-17 23:00:00
ENR-00122,ACC-00122,emberlabsco.co,120,Series B,25000000,"aws,databricks,react,snowflake,spark",3,0,Ember Labs Co is a Series B Media company with roughly 120 employees.,your media roadmap and recent Series B momentum,clay_csv,2026-09-17 23:00:00
ENR-00123,ACC-00123,zenithpay.io,40,Series A,0,"databricks,gcp,go,pytorch,snowflake",1,0,Zenith Pay is a Series A Developer Tools company with roughly 40 employees.,your developer tools roadmap and recent Series A momentum,clay_csv,2026-09-19 23:00:00
ENR-00124,ACC-00124,orbitlabsgroup.co,8000,Series B,0,"aws,databricks,react,spark",2,2,Orbit Labs Group is a Series B SaaS company with roughly 8000 employees.,your saas roadmap and recent Series B momentum,clay_csv,2026-09-01 23:00:00
ENR-00125,ACC-00125,deltalogic.co,500,Series B,2000000,"huggingface,pytorch,spark",0,4,Delta Logic is a Series B E-commerce company with roughly 500 employees.,your e-commerce roadmap and recent Series B momentum,clay_csv,2026-09-11 23:00:00
ENR-00126,ACC-00126,meridianworks.co,200,Series D,60000000,"go,huggingface,python,pytorch,snowflake",5,0,Meridian Works is a Series D Developer Tools company with roughly 200 employees.,your developer tools roadmap and recent Series D momentum,clay_csv,2026-09-10 23:00:00
ENR-00127,ACC-00127,summithealthco.co,4000,Series B,0,"aws,databricks",1,0,Summit Health Co is a Series B AI/ML company with roughly 4000 employees.,your ai/ml roadmap and recent Series B momentum,clay_csv,2026-09-05 23:00:00
ENR-00128,ACC-00128,novanetworksco.co,40,Series B,0,"pytorch,snowflake",3,2,Nova Networks Co is a Series B Logistics company with roughly 40 employees.,your logistics roadmap and recent Series B momentum,clay_csv,2026-09-02 23:00:00
ENR-00129,ACC-00129,lumenpay.com,500,Seed,150000000,"databricks,go,kubernetes,python,pytorch",3,1,Lumen Pay is a Seed Developer Tools company with roughly 500 employees.,your developer tools roadmap and recent Seed momentum,clay_csv,2026-09-02 23:00:00
ENR-00130,ACC-00130,cindersystems.com,120,Series A,25000000,"aws,databricks,spark",0,4,Cinder Systems is a Series A Developer Tools company with roughly 120 employees.,your developer tools roadmap and recent Series A momentum,clay_csv,2026-09-15 23:00:00
ENR-00131,ACC-00131,cinderlabsgroup.co,2600,Series C,0,"aws,databricks",1,2,Cinder Labs Group is a Series C Logistics company with roughly 2600 employees.,your logistics roadmap and recent Series C momentum,clay_csv,2026-09-11 23:00:00
ENR-00132,ACC-00132,vectorlogic.com,2600,Public,2000000,"gcp,huggingface,postgres,spark",2,0,Vector Logic is a Public SaaS company with roughly 2600 employees.,your saas roadmap and recent Public momentum,clay_csv,2026-09-05 23:00:00
ENR-00133,ACC-00133,cobaltlabs.com,4000,Series A,8000000,"databricks,go,postgres,snowflake",1,0,Cobalt Labs is a Series A Developer Tools company with roughly 4000 employees.,your developer tools roadmap and recent Series A momentum,clay_csv,2026-09-09 23:00:00
ENR-00134,ACC-00134,pixelai.ai,320,Seed,0,"gcp,go,postgres,snowflake",5,4,Pixel AI is a Seed SaaS company with roughly 320 employees.,your saas roadmap and recent Seed momentum,clay_csv,2026-09-09 23:00:00
ENR-00135,ACC-00135,summitnetworks.io,25,Series B,2000000,"databricks,gcp,go,kubernetes,snowflake",2,1,Summit Networks is a Series B AI/ML company with roughly 25 employees.,your ai/ml roadmap and recent Series B momentum,clay_csv,2026-09-07 23:00:00
ENR-00136,ACC-00136,novacloud.co,40,Series A,25000000,"python,react,spark",3,0,Nova Cloud is a Series A Media company with roughly 40 employees.,your media roadmap and recent Series A momentum,clay_csv,2026-09-05 23:00:00
ENR-00137,ACC-00137,emberdata.com,500,Series D,150000000,"databricks,huggingface,postgres,pytorch",0,2,Ember Data is a Series D Media company with roughly 500 employees.,your media roadmap and recent Series D momentum,clay_csv,2026-09-15 23:00:00
ENR-00138,ACC-00138,signallabs.co,1500,Series A,60000000,"databricks,huggingface,spark",0,1,Signal Labs is a Series A Media company with roughly 1500 employees.,your media roadmap and recent Series A momentum,clay_csv,2026-09-17 23:00:00
ENR-00139,ACC-00139,emberdataco.co,25,Series A,25000000,"databricks,huggingface,python,react,spark",3,2,Ember Data Co is a Series A E-commerce company with roughly 25 employees.,your e-commerce roadmap and recent Series A momentum,clay_csv,2026-09-08 23:00:00
ENR-00140,ACC-00140,nimbusnetworks.co,1500,Series D,60000000,"gcp,pytorch",3,4,Nimbus Networks is a Series D SaaS company with roughly 1500 employees.,your saas roadmap and recent Series D momentum,clay_csv,2026-09-08 23:00:00
ENR-00141,ACC-00141,ridgeroboticstech.ai,60,Series B,25000000,"databricks,go,python,pytorch,snowflake",3,0,Ridge Robotics Tech is a Series B Healthcare company with roughly 60 employees.,your healthcare roadmap and recent Series B momentum,clay_csv,2026-09-11 23:00:00
ENR-00142,ACC-00142,cindercloud.ai,4000,Series C,25000000,"databricks,postgres,snowflake",5,4,Cinder Cloud is a Series C Fintech company with roughly 4000 employees.,your fintech roadmap and recent Series C momentum,clay_csv,2026-09-05 23:00:00
ENR-00143,ACC-00143,deltapay.com,4000,Seed,0,"kubernetes,postgres,python,pytorch",3,4,Delta Pay is a Seed Fintech company with roughly 4000 employees.,your fintech roadmap and recent Seed momentum,clay_csv,2026-09-06 23:00:00
ENR-00144,ACC-00144,cobaltsystemsco.io,200,Series B,150000000,"huggingface,kubernetes,snowflake",0,0,Cobalt Systems Co is a Series B Healthcare company with roughly 200 employees.,your healthcare roadmap and recent Series B momentum,clay_csv,2026-09-05 23:00:00
ENR-00145,ACC-00145,atlaspay.ai,200,Series C,2000000,"huggingface,postgres,pytorch,snowflake,spark",3,2,Atlas Pay is a Series C Healthcare company with roughly 200 employees.,your healthcare roadmap and recent Series C momentum,clay_csv,2026-09-10 23:00:00
ENR-00147,ACC-00147,emberanalyticsgroup.co,200,Seed,60000000,"aws,spark",0,1,Ember Analytics Group is a Seed E-commerce company with roughly 200 employees.,your e-commerce roadmap and recent Seed momentum,clay_csv,2026-09-12 23:00:00
ENR-00148,ACC-00148,nimbuslogicgroup.io,2600,Series C,2000000,"aws,databricks,gcp,postgres,react",3,0,Nimbus Logic Group is a Series C Fintech company with roughly 2600 employees.,your fintech roadmap and recent Series C momentum,clay_csv,2026-08-30 23:00:00
ENR-00149,ACC-00149,cinderhealth.com,12,Series A,60000000,"databricks,go,postgres",2,0,Cinder Health is a Series A AI/ML company with roughly 12 employees.,your ai/ml roadmap and recent Series A momentum,clay_csv,2026-09-07 23:00:00
ENR-00151,ACC-00151,cobaltlogic.io,2600,Seed,25000000,"aws,react",1,0,Cobalt Logic is a Seed E-commerce company with roughly 2600 employees.,your e-commerce roadmap and recent Seed momentum,clay_csv,2026-09-08 23:00:00
ENR-00152,ACC-00152,cobaltdatainc.ai,500,Public,2000000,"databricks,huggingface,react,snowflake,spark",2,0,Cobalt Data Inc is a Public SaaS company with roughly 500 employees.,your saas roadmap and recent Public momentum,clay_csv,2026-09-01 23:00:00
ENR-00153,ACC-00153,novaanalytics.ai,120,Series A,25000000,"go,kubernetes,spark",1,2,Nova Analytics is a Series A AI/ML company with roughly 120 employees.,your ai/ml roadmap and recent Series A momentum,clay_csv,2026-09-01 23:00:00
ENR-00154,ACC-00154,quantanetworks.io,1500,Public,0,"aws,kubernetes,pytorch",0,1,Quanta Networks is a Public Fintech company with roughly 1500 employees.,your fintech roadmap and recent Public momentum,clay_csv,2026-09-08 23:00:00
ENR-00155,ACC-00155,keplersystemsco.com,800,Series A,8000000,"databricks,go,spark",3,2,Kepler Systems Co is a Series A E-commerce company with roughly 800 employees.,your e-commerce roadmap and recent Series A momentum,clay_csv,2026-09-14 23:00:00
ENR-00156,ACC-00156,pixelsystemsinc.ai,40,Public,25000000,"aws,kubernetes,postgres",3,0,Pixel Systems Inc is a Public E-commerce company with roughly 40 employees.,your e-commerce roadmap and recent Public momentum,clay_csv,2026-09-14 23:00:00
ENR-00157,ACC-00157,signallabsinc.io,8000,Series C,0,"aws,gcp,postgres,python",2,4,Signal Labs Inc is a Series C AI/ML company with roughly 8000 employees.,your ai/ml roadmap and recent Series C momentum,clay_csv,2026-09-07 23:00:00
ENR-00158,ACC-00158,nimbussystems.ai,4000,Series B,8000000,"aws,databricks,postgres,pytorch,spark",3,2,Nimbus Systems is a Series B AI/ML company with roughly 4000 employees.,your ai/ml roadmap and recent Series B momentum,clay_csv,2026-09-01 23:00:00
ENR-00160,ACC-00160,deltapayinc.com,320,Series B,2000000,"aws,kubernetes,react",1,0,Delta Pay Inc is a Series B Logistics company with roughly 320 employees.,your logistics roadmap and recent Series B momentum,clay_csv,2026-09-05 23:00:00
ENR-00161,ACC-00161,emberlabsinc.ai,25,Seed,25000000,"go,pytorch",2,4,Ember Labs Inc is a Seed Fintech company with roughly 25 employees.,your fintech roadmap and recent Seed momentum,clay_csv,2026-09-11 23:00:00
ENR-00162,ACC-00162,summitworksgroup.co,800,Series A,150000000,"huggingface,postgres",1,4,Summit Works Group is a Series A Logistics company with roughly 800 employees.,your logistics roadmap and recent Series A momentum,clay_csv,2026-09-02 23:00:00
ENR-00163,ACC-00163,cobaltlabsinc.io,60,Series A,60000000,"kubernetes,postgres,python",2,0,Cobalt Labs Inc is a Series A Developer Tools company with roughly 60 employees.,your developer tools roadmap and recent Series A momentum,clay_csv,2026-09-11 23:00:00
ENR-00164,ACC-00164,cobaltroboticsinc.ai,2600,Series A,150000000,"gcp,huggingface",0,2,Cobalt Robotics Inc is a Series A Developer Tools company with roughly 2600 employees.,your developer tools roadmap and recent Series A momentum,clay_csv,2026-09-01 23:00:00
ENR-00165,ACC-00165,quantalabs.com,25,Series C,60000000,"aws,gcp,go,huggingface,react",5,4,Quanta Labs is a Series C AI/ML company with roughly 25 employees.,your ai/ml roadmap and recent Series C momentum,clay_csv,2026-09-18 23:00:00
ENR-00166,ACC-00166,meridianai.ai,320,Series A,25000000,"kubernetes,snowflake,spark",3,1,Meridian AI is a Series A Fintech company with roughly 320 employees.,your fintech roadmap and recent Series A momentum,clay_csv,2026-09-01 23:00:00
ENR-00167,ACC-00167,vectordatagroup.ai,800,Series A,0,"aws,gcp,go,kubernetes,python",3,0,Vector Data Group is a Series A AI/ML company with roughly 800 employees.,your ai/ml roadmap and recent Series A momentum,clay_csv,2026-09-15 23:00:00
ENR-00168,ACC-00168,keplerlabsgroup.ai,120,Series B,8000000,"go,kubernetes,spark",0,2,Kepler Labs Group is a Series B AI/ML company with roughly 120 employees.,your ai/ml roadmap and recent Series B momentum,clay_csv,2026-08-30 23:00:00
ENR-00169,ACC-00169,ridgelogicinc.ai,120,Series C,60000000,"databricks,react",2,0,Ridge Logic Inc is a Series C AI/ML company with roughly 120 employees.,your ai/ml roadmap and recent Series C momentum,clay_csv,2026-09-11 23:00:00
ENR-00170,ACC-00170,forgeai.io,1500,Series B,8000000,"go,postgres,python,pytorch",1,2,Forge AI is a Series B E-commerce company with roughly 1500 employees.,your e-commerce roadmap and recent Series B momentum,clay_csv,2026-08-30 23:00:00
ENR-00171,ACC-00171,cinderai.com,60,Series A,150000000,"databricks,gcp,huggingface,kubernetes,postgres",1,0,Cinder AI is a Series A Healthcare company with roughly 60 employees.,your healthcare roadmap and recent Series A momentum,clay_csv,2026-09-09 23:00:00
ENR-00172,ACC-00172,signalanalytics.ai,8000,Public,25000000,"go,postgres,snowflake",1,4,Signal Analytics is a Public Healthcare company with roughly 8000 employees.,your healthcare roadmap and recent Public momentum,clay_csv,2026-09-18 23:00:00
ENR-00174,ACC-00174,novahealth.co,320,Series A,0,"huggingface,postgres,python",2,0,Nova Health is a Series A Fintech company with roughly 320 employees.,your fintech roadmap and recent Series A momentum,clay_csv,2026-09-06 23:00:00
ENR-00175,ACC-00175,forgehealth.com,2600,Series B,60000000,"aws,kubernetes,pytorch,snowflake",5,0,Forge Health is a Series B SaaS company with roughly 2600 employees.,your saas roadmap and recent Series B momentum,clay_csv,2026-09-11 23:00:00
ENR-00176,ACC-00176,vectorcloudtech.com,120,Public,0,"databricks,gcp,kubernetes,pytorch,spark",5,0,Vector Cloud Tech is a Public AI/ML company with roughly 120 employees.,your ai/ml roadmap and recent Public momentum,clay_csv,2026-09-16 23:00:00
ENR-00178,ACC-00178,meridianroboticsco.ai,4000,Seed,0,"databricks,huggingface,python,pytorch,snowflake",0,4,Meridian Robotics Co is a Seed AI/ML company with roughly 4000 employees.,your ai/ml roadmap and recent Seed momentum,clay_csv,2026-09-15 23:00:00
ENR-00179,ACC-00179,quantaanalytics.co,4000,Series B,0,"pytorch,snowflake",0,2,Quanta Analytics is a Series B Developer Tools company with roughly 4000 employees.,your developer tools roadmap and recent Series B momentum,clay_csv,2026-09-08 23:00:00
ENR-00180,ACC-00180,beaconai.ai,1500,Series B,150000000,"aws,huggingface,spark",0,2,Beacon AI is a Series B AI/ML company with roughly 1500 employees.,your ai/ml roadmap and recent Series B momentum,clay_csv,2026-09-17 23:00:00
ENR-00181,ACC-00181,quantahealth.com,1500,Series A,60000000,"gcp,postgres,snowflake",0,4,Quanta Health is a Series A SaaS company with roughly 1500 employees.,your saas roadmap and recent Series A momentum,clay_csv,2026-08-30 23:00:00
ENR-00182,ACC-00182,deltaroboticsgroup.io,40,Seed,60000000,"aws,gcp,go,pytorch,spark",2,4,Delta Robotics Group is a Seed SaaS company with roughly 40 employees.,your saas roadmap and recent Seed momentum,clay_csv,2026-09-01 23:00:00
ENR-00183,ACC-00183,harborworks.io,200,Series A,2000000,"gcp,kubernetes,pytorch",1,2,Harbor Works is a Series A Media company with roughly 200 employees.,your media roadmap and recent Series A momentum,clay_csv,2026-09-12 23:00:00
ENR-00184,ACC-00184,keplerlabsco.ai,1500,Seed,2000000,"kubernetes,spark",3,4,Kepler Labs Co is a Seed AI/ML company with roughly 1500 employees.,your ai/ml roadmap and recent Seed momentum,clay_csv,2026-09-13 23:00:00
ENR-00185,ACC-00185,signalnetworkstech.co,8000,Series B,60000000,"gcp,kubernetes,postgres,python,spark",3,0,Signal Networks Tech is a Series B Healthcare company with roughly 8000 employees.,your healthcare roadmap and recent Series B momentum,clay_csv,2026-09-07 23:00:00
ENR-00186,ACC-00186,cindernetworks.ai,2600,Series A,0,"huggingface,snowflake",2,4,Cinder Networks is a Series A E-commerce company with roughly 2600 employees.,your e-commerce roadmap and recent Series A momentum,clay_csv,2026-09-15 23:00:00
ENR-00187,ACC-00187,atlaslogic.com,25,Series A,2000000,"postgres,python,pytorch",3,2,Atlas Logic is a Series A SaaS company with roughly 25 employees.,your saas roadmap and recent Series A momentum,clay_csv,2026-09-01 23:00:00
ENR-00188,ACC-00188,vectoranalyticsgroup.com,25,Series B,0,"databricks,react",1,0,Vector Analytics Group is a Series B Fintech company with roughly 25 employees.,your fintech roadmap and recent Series B momentum,clay_csv,2026-09-10 23:00:00
ENR-00189,ACC-00189,emberlogicinc.co,1500,Series B,8000000,"aws,go,pytorch,react,spark",3,2,Ember Logic Inc is a Series B Media company with roughly 1500 employees.,your media roadmap and recent Series B momentum,clay_csv,2026-09-11 23:00:00
ENR-00190,ACC-00190,zenithworks.io,500,Seed,0,"databricks,react,snowflake",0,4,Zenith Works is a Seed Logistics company with roughly 500 employees.,your logistics roadmap and recent Seed momentum,clay_csv,2026-09-01 23:00:00
ENR-00191,ACC-00191,harbornetworks.io,4000,Series B,2000000,"gcp,huggingface,python,pytorch,spark",5,0,Harbor Networks is a Series B AI/ML company with roughly 4000 employees.,your ai/ml roadmap and recent Series B momentum,clay_csv,2026-09-06 23:00:00
ENR-00192,ACC-00192,harborlogicco.ai,120,Series A,0,"aws,huggingface,pytorch,spark",3,4,Harbor Logic Co is a Series A SaaS company with roughly 120 employees.,your saas roadmap and recent Series A momentum,clay_csv,2026-09-19 23:00:00
ENR-00193,ACC-00193,vectornetworks.ai,25,Series B,0,"aws,kubernetes,react,snowflake,spark",5,0,Vector Networks is a Series B AI/ML company with roughly 25 employees.,your ai/ml roadmap and recent Series B momentum,clay_csv,2026-09-08 23:00:00
ENR-00194,ACC-00194,atlasrobotics.io,1500,Series B,150000000,"databricks,snowflake",1,0,Atlas Robotics is a Series B SaaS company with roughly 1500 employees.,your saas roadmap and recent Series B momentum,clay_csv,2026-09-11 23:00:00
ENR-00195,ACC-00195,cinderroboticstech.io,25,Series A,60000000,"huggingface,postgres",1,4,Cinder Robotics Tech is a Series A Fintech company with roughly 25 employees.,your fintech roadmap and recent Series A momentum,clay_csv,2026-09-03 23:00:00
ENR-00196,ACC-00196,cindernetworkstech.ai,120,Series A,0,"aws,go,kubernetes,pytorch",2,4,Cinder Networks Tech is a Series A AI/ML company with roughly 120 employees.,your ai/ml roadmap and recent Series A momentum,clay_csv,2026-09-12 23:00:00
ENR-00197,ACC-00197,zenithcloud.io,40,Seed,150000000,"gcp,python",0,0,Zenith Cloud is a Seed Logistics company with roughly 40 employees.,your logistics roadmap and recent Seed momentum,clay_csv,2026-09-04 23:00:00
ENR-00198,ACC-00198,meridianroboticsinc.ai,1500,Seed,150000000,"react,spark",0,0,Meridian Robotics Inc is a Seed E-commerce company with roughly 1500 employees.,your e-commerce roadmap and recent Seed momentum,clay_csv,2026-09-06 23:00:00
ENR-00199,ACC-00199,signalsystems.io,12,Series A,60000000,"go,kubernetes,pytorch,snowflake",0,2,Signal Systems is a Series A Healthcare company with roughly 12 employees.,your healthcare roadmap and recent Series A momentum,clay_csv,2026-09-16 23:00:00
ENR-00200,ACC-00200,emberlogicgroup.co,60,Series A,0,"databricks,pytorch",0,0,Ember Logic Group is a Series A SaaS company with roughly 60 employees.,your saas roadmap and recent Series A momentum,clay_csv,2026-09-05 23:00:00
