event_id,contact_email,domain,event_type,event_timestamp,campaign
HS-000001,cto@initech-ml.example,initech-ml.example,meeting_booked,2026-09-15 16:00:00,Enterprise Webinar
HS-000002,cto@initech-ml.example,initech-ml.example,email_open,2026-09-18 14:00:00,Developer Digest
HS-000003,cto@initech-ml.example,initech-ml.example,email_click,2026-09-16 03:00:00,Pricing Update
HS-000004,cto@initech-ml.example,initech-ml.example,email_open,2026-09-11 03:00:00,Enterprise Webinar
HS-000005,cto@initech-ml.example,initech-ml.example,email_click,2026-09-05 05:00:00,Q3 Inference Launch
HS-000006,cto@initech-ml.example,initech-ml.example,email_open,2026-08-28 22:00:00,Developer Digest
HS-000007,cto@summithealthco.co,summithealthco.co,email_open,2026-08-26 14:00:00,Pricing Update
HS-000008,vp.eng@signalai.co,signalai.co,page_view,2026-06-05 22:00:00,Q3 Inference Launch
HS-000009,ops@cinderlabs.com,cinderlabs.com,email_open,2026-07-23 18:00:00,Open Models Newsletter
HS-000010,vp.eng@cinderlabs.com,cinderlabs.com,email_open,2026-05-22 00:00:00,Pricing Update
HS-000011,ops@quantanetworks.io,quantanetworks.io,email_open,2026-08-08 01:00:00,Q3 Inference Launch
HS-000012,data@pixelcloud.co,pixelcloud.co,email_click,2026-07-27 21:00:00,Pricing Update
HS-000013,data@harborsystems.com,harborsystems.com,email_open,2026-05-25 14:00:00,Pricing Update
HS-000014,cto@orbitnetworks.co,orbitnetworks.co,page_view,2026-08-14 09:00:00,Q3 Inference Launch
HS-000015,data@cindercloud.ai,cindercloud.ai,email_open,2026-07-03 15:00:00,Developer Digest
HS-000016,ops@summitworksgroup.co,summitworksgroup.co,email_click,2026-08-03 17:00:00,Developer Digest
HS-000017,cto@quantacloudinc.ai,quantacloudinc.ai,email_click,2026-08-13 19:00:00,Developer Digest
HS-000018,data@harborlogicgroup.com,harborlogicgroup.com,email_click,2026-08-30 04:00:00,Open Models Newsletter
HS-000019,cto@lumenai.io,lumenai.io,page_view,2026-07-12 06:00:00,Open Models Newsletter
HS-000020,ops@orbitcloudtech.ai,orbitcloudtech.ai,email_click,2026-07-21 02:00:00,Developer Digest
HS-000021,ops@vectorsystems.io,vectorsystems.io,form_submit,2026-08-04 12:00:00,Q3 Inference Launch
HS-000022,vp.eng@keplersystemsco.com,keplersystemsco.com,email_click,2026-07-23 05:00:00,Q3 Inference Launch
HS-000023,ops@cinderpayinc.io,cinderpayinc.io,page_view,2026-06-23 16:00:00,Developer Digest
HS-000024,ops@signalhealth.co,signalhealth.co,email_open,2026-09-03 01:00:00,Open Models Newsletter
HS-000025,data@signalsystems.io,signalsystems.io,meeting_booked,2026-06-03 05:00:00,Developer Digest
HS-000026,cto@emberanalyticsgroup.co,emberanalyticsgroup.co,page_view,2026-08-02 14:00:00,Q3 Inference Launch
HS-000027,ops@ridgeanalytics.co,ridgeanalytics.co,email_click,2026-06-14 12:00:00,Developer Digest
HS-000028,data@vectorrobotics.ai,vectorrobotics.ai,page_view,2026-08-04 07:00:00,Pricing Update
HS-000029,ops@cinderlabsinc.com,cinderlabsinc.com,meeting_booked,2026-07-23 09:00:00,Open Models Newsletter
HS-000030,cto@nimbuslogic.co,nimbuslogic.co,form_submit,2026-07-19 11:00:00,Pricing Update
HS-000031,ops@nimbussystems.ai,nimbussystems.ai,email_open,2026-09-07 02:00:00,Developer Digest
HS-000032,vp.eng@ridgelogicinc.ai,ridgelogicinc.ai,email_click,2026-09-08 01:00:00,Developer Digest
HS-000033,cto@keplersystemsco.com,keplersystemsco.com,email_open,2026-07-26 18:00:00,Pricing Update
HS-000034,data@quantacloud.ai,quantacloud.ai,email_open,2026-08-08 05:00:00,Developer Digest
HS-000035,vp.eng@helixsystems.ai,helixsystems.ai,email_click,2026-06-19 15:00:00,Pricing Update
HS-000036,vp.eng@nimbushealth.ai,nimbushealth.ai,email_open,2026-06-24 12:00:00,Pricing Update
HS-000037,ops@novanetworksco.co,novanetworksco.co,page_view,2026-08-10 07:00:00,Open Models Newsletter
HS-000038,cto@signalhealth.co,signalhealth.co,email_open,2026-09-03 08:00:00,Pricing Update
HS-000039,ops@cinderlabs.com,cinderlabs.com,page_view,2026-05-22 21:00:00,Q3 Inference Launch
HS-000040,vp.eng@quantalabs.com,quantalabs.com,email_open,2026-07-29 22:00:00,Pricing Update
HS-000041,cto@lumenai.io,lumenai.io,email_open,2026-08-15 18:00:00,Open Models Newsletter
HS-000042,vp.eng@vectorlogic.com,vectorlogic.com,email_open,2026-05-29 23:00:00,Pricing Update
HS-000043,cto@keplersystems.co,keplersystems.co,email_open,2026-08-30 01:00:00,Pricing Update
HS-000044,cto@novaworks.co,novaworks.co,email_open,2026-07-28 11:00:00,Q3 Inference Launch
HS-000045,vp.eng@cindercloud.ai,cindercloud.ai,page_view,2026-09-19 21:00:00,Open Models Newsletter
HS-000046,ops@signalnetworks.co,signalnetworks.co,page_view,2026-09-08 05:00:00,Q3 Inference Launch
HS-000047,cto@pixellabs.io,pixellabs.io,meeting_booked,2026-06-03 20:00:00,Open Models Newsletter
HS-000048,cto@signalanalytics.ai,signalanalytics.ai,email_open,2026-07-27 00:00:00,Q3 Inference Launch
HS-000049,cto@pixelcloud.co,pixelcloud.co,page_view,2026-06-07 22:00:00,Open Models Newsletter
HS-000050,ops@cinderhealth.com,cinderhealth.com,email_open,2026-09-15 21:00:00,Open Models Newsletter
HS-000051,ops@quantacloudinc.ai,quantacloudinc.ai,email_click,2026-09-19 15:00:00,Open Models Newsletter
HS-000052,ops@harborworks.io,harborworks.io,page_view,2026-05-30 05:00:00,Developer Digest
HS-000053,vp.eng@cobaltdata.com,cobaltdata.com,email_click,2026-06-22 16:00:00,Pricing Update
HS-000054,data@ridgelogicinc.ai,ridgelogicinc.ai,email_open,2026-07-29 06:00:00,Developer Digest
HS-000055,data@lumencloud.io,lumencloud.io,email_open,2026-08-06 04:00:00,Enterprise Webinar
HS-000056,data@quantapay.co,quantapay.co,email_open,2026-06-13 10:00:00,Q3 Inference Launch
HS-000057,cto@harbornetworks.io,harbornetworks.io,email_open,2026-07-21 14:00:00,Enterprise Webinar
HS-000058,ops@ridgeroboticstech.ai,ridgeroboticstech.ai,email_open,2026-09-15 13:00:00,Pricing Update
HS-000059,data@pixelcloud.co,pixelcloud.co,email_open,2026-08-22 21:00:00,Enterprise Webinar
HS-000060,cto@zenithpay.io,zenithpay.io,page_view,2026-05-30 09:00:00,Pricing Update
HS-000061,cto@quantapay.co,quantapay.co,email_click,2026-08-07 10:00:00,Enterprise Webinar
HS-000062,vp.eng@emberdataco.co,emberdataco.co,email_open,2026-07-12 22:00:00,Open Models Newsletter
HS-000063,cto@atlasrobotics.io,atlasrobotics.io,email_click,2026-07-06 16:00:00,Developer Digest
HS-000064,vp.eng@atlaslogic.com,atlaslogic.com,meeting_booked,2026-05-23 07:00:00,Developer Digest
HS-000065,cto@helixnetworks.io,helixnetworks.io,email_click,2026-08-10 11:00:00,Enterprise Webinar
HS-000066,vp.eng@quantalabs.com,quantalabs.com,meeting_booked,2026-07-30 06:00:00,Enterprise Webinar
HS-000067,ops@pixelcloud.co,pixelcloud.co,email_open,2026-07-24 15:00:00,Open Models Newsletter
HS-000068,vp.eng@keplerlabsco.ai,keplerlabsco.ai,email_open,2026-07-24 13:00:00,Developer Digest
HS-000069,data@atlasanalytics.ai,atlasanalytics.ai,email_open,2026-08-30 05:00:00,Enterprise Webinar
HS-000070,ops@cinderdata.io,cinderdata.io,page_view,2026-07-05 06:00:00,Q3 Inference Launch
HS-000071,vp.eng@forgeworks.co,forgeworks.co,page_view,2026-09-06 08:00:00,Q3 Inference Launch
HS-000072,ops@quantalabs.com,quantalabs.com,form_submit,2026-06-26 20:00:00,Developer Digest
HS-000073,ops@pixelnetworks.com,pixelnetworks.com,email_open,2026-09-07 07:00:00,Open Models Newsletter
HS-000074,ops@pixelsystems.com,pixelsystems.com,email_open,2026-09-01 14:00:00,Pricing Update
HS-000075,data@keplerlabsco.ai,keplerlabsco.ai,page_view,2026-09-13 18:00:00,Enterprise Webinar
HS-000076,vp.eng@meridianai.ai,meridianai.ai,email_open,2026-05-25 13:00:00,Enterprise Webinar
HS-000077,ops@meridianlogic.ai,meridianlogic.ai,form_submit,2026-06-24 23:00:00,Enterprise Webinar
HS-000078,cto@vectorcloudinc.com,vectorcloudinc.com,form_submit,2026-07-25 05:00:00,Pricing Update
HS-000079,ops@harborcloud.com,harborcloud.com,page_view,2026-09-18 10:00:00,Enterprise Webinar
HS-000080,ops@meridianroboticsinc.ai,meridianroboticsinc.ai,page_view,2026-09-09 20:00:00,Pricing Update
HS-000081,cto@cobaltpay.com,cobaltpay.com,email_open,2026-05-26 03:00:00,Pricing Update
HS-000082,vp.eng@quantaanalytics.co,quantaanalytics.co,form_submit,2026-07-25 13:00:00,Developer Digest
HS-000083,data@zenithanalytics.co,zenithanalytics.co,email_open,2026-09-07 01:00:00,Open Models Newsletter
HS-000084,data@orbitai.ai,orbitai.ai,page_view,2026-07-05 22:00:00,Developer Digest
HS-000085,vp.eng@atlasanalytics.ai,atlasanalytics.ai,form_submit,2026-06-29 16:00:00,Q3 Inference Launch
HS-000086,ops@novahealth.co,novahealth.co,page_view,2026-09-13 11:00:00,Q3 Inference Launch
HS-000087,cto@cobaltanalytics.co,cobaltanalytics.co,page_view,2026-08-12 17:00:00,Q3 Inference Launch
HS-000088,ops@beaconai.ai,beaconai.ai,page_view,2026-09-19 12:00:00,Pricing Update
HS-000089,cto@signalhealth.co,signalhealth.co,page_view,2026-07-27 07:00:00,Q3 Inference Launch
HS-000090,vp.eng@deltapayinc.com,deltapayinc.com,form_submit,2026-09-11 06:00:00,Q3 Inference Launch
HS-000091,ops@pixelnetworkstech.io,pixelnetworkstech.io,form_submit,2026-08-22 04:00:00,Pricing Update
HS-000092,vp.eng@emberlabsinc.ai,emberlabsinc.ai,page_view,2026-08-06 12:00:00,Enterprise Webinar
HS-000093,cto@quantaanalytics.co,quantaanalytics.co,email_click,2026-09-14 11:00:00,Pricing Update
HS-000094,data@harborsystems.com,harborsystems.com,email_open,2026-07-19 05:00:00,Developer Digest
HS-000095,data@keplerpay.ai,keplerpay.ai,form_submit,2026-07-08 06:00:00,Open Models Newsletter
HS-000096,data@signalnetworks.co,signalnetworks.co,email_open,2026-06-20 08:00:00,Open Models Newsletter
HS-000097,cto@keplersystemstech.com,keplersystemstech.com,email_open,2026-07-20 15:00:00,Developer Digest
HS-000098,cto@quantahealth.com,quantahealth.com,form_submit,2026-06-27 05:00:00,Enterprise Webinar
HS-000099,vp.eng@cobaltanalytics.co,cobaltanalytics.co,email_open,2026-06-01 23:00:00,Enterprise Webinar
HS-000100,data@cinderlabs.com,cinderlabs.com,email_open,2026-08-02 13:00:00,Enterprise Webinar
HS-000101,cto@nimbusdata.co,nimbusdata.co,email_open,2026-06-30 23:00:00,Pricing Update
HS-000102,data@harborsystems.com,harborsystems.com,email_click,2026-08-10 19:00:00,Pricing Update
HS-000103,ops@zenithlabs.com,zenithlabs.com,email_open,2026-07-23 15:00:00,Developer Digest
HS-000104,cto@lumenlabs.io,lumenlabs.io,email_click,2026-06-27 01:00:00,Developer Digest
HS-000105,cto@summitworks.ai,summitworks.ai,email_open,2026-08-11 20:00:00,Pricing Update
HS-000106,ops@cinderanalytics.com,cinderanalytics.com,email_open,2026-07-08 03:00:00,Q3 Inference Launch
HS-000107,ops@orbitlabs.com,orbitlabs.com,page_view,2026-08-05 23:00:00,Enterprise Webinar
HS-000108,data@vectordatagroup.ai,vectordatagroup.ai,page_view,2026-07-16 16:00:00,Pricing Update
HS-000109,ops@keplerpay.ai,keplerpay.ai,email_open,2026-09-08 11:00:00,Open Models Newsletter
HS-000110,cto@cobaltrobotics.co,cobaltrobotics.co,email_open,2026-07-03 14:00:00,Q3 Inference Launch
HS-000111,data@deltaanalytics.com,deltaanalytics.com,email_open,2026-08-08 06:00:00,Developer Digest
HS-000112,cto@deltapay.com,deltapay.com,email_click,2026-09-08 05:00:00,Enterprise Webinar
HS-000113,data@harborlogicco.ai,harborlogicco.ai,email_click,2026-08-11 11:00:00,Enterprise Webinar
HS-000114,cto@pixelcloud.co,pixelcloud.co,email_open,2026-07-28 23:00:00,Enterprise Webinar
HS-000115,vp.eng@quantahealth.com,quantahealth.com,email_open,2026-08-05 18:00:00,Developer Digest
HS-000116,data@helixsystems.ai,helixsystems.ai,email_open,2026-05-29 01:00:00,Q3 Inference Launch
HS-000117,data@pixelsystemsinc.ai,pixelsystemsinc.ai,email_open,2026-09-05 12:00:00,Q3 Inference Launch
HS-000118,ops@quantacloud.ai,quantacloud.ai,email_open,2026-08-27 10:00:00,Enterprise Webinar
HS-000119,ops@harborworks.io,harborworks.io,page_view,2026-06-29 00:00:00,Developer Digest
HS-000120,vp.eng@vectorsystems.io,vectorsystems.io,email_open,2026-05-26 20:00:00,Developer Digest
HS-000121,data@emberdata.com,emberdata.com,email_click,2026-06-19 02:00:00,Q3 Inference Launch
HS-000122,data@keplerdata.ai,keplerdata.ai,email_click,2026-09-06 07:00:00,Q3 Inference Launch
HS-000123,vp.eng@cinderpaygroup.io,cinderpaygroup.io,email_open,2026-08-08 06:00:00,Developer Digest
HS-000124,vp.eng@ridgeanalytics.co,ridgeanalytics.co,page_view,2026-07-09 01:00:00,Open Models Newsletter
HS-000125,ops@orbitlabsgroup.co,orbitlabsgroup.co,email_open,2026-08-02 07:00:00,Developer Digest
HS-000126,vp.eng@pixelcloud.co,pixelcloud.co,page_view,2026-05-25 08:00:00,Enterprise Webinar
HS-000127,cto@nimbusnetworks.co,nimbusnetworks.co,page_view,2026-09-11 11:00:00,Developer Digest
HS-000128,data@zenithpaygroup.com,zenithpaygroup.com,page_view,2026-05-27 07:00:00,Enterprise Webinar
HS-000129,vp.eng@keplernetworks.ai,keplernetworks.ai,email_open,2026-06-01 02:00:00,Q3 Inference Launch
HS-000130,cto@emberworks.co,emberworks.co,meeting_booked,2026-08-29 18:00:00,Open Models Newsletter
HS-000131,cto@cinderlabs.com,cinderlabs.com,email_open,2026-07-03 06:00:00,Pricing Update
HS-000132,cto@signalhealth.co,signalhealth.co,form_submit,2026-09-02 22:00:00,Enterprise Webinar
HS-000133,vp.eng@novadataco.io,novadataco.io,email_open,2026-07-19 03:00:00,Pricing Update
HS-000134,ops@beaconanalytics.ai,beaconanalytics.ai,page_view,2026-09-11 12:00:00,Open Models Newsletter
HS-000135,cto@cobaltlogic.io,cobaltlogic.io,email_click,2026-06-22 02:00:00,Q3 Inference Launch
HS-000136,ops@signalhealth.co,signalhealth.co,page_view,2026-09-03 03:00:00,Q3 Inference Launch
HS-000137,vp.eng@emberanalytics.ai,emberanalytics.ai,meeting_booked,2026-05-23 16:00:00,Enterprise Webinar
HS-000138,data@nimbushealth.ai,nimbushealth.ai,email_open,2026-07-18 19:00:00,Pricing Update
HS-000139,cto@deltaroboticsgroup.io,deltaroboticsgroup.io,page_view,2026-08-03 22:00:00,Enterprise Webinar
HS-000140,ops@meridianroboticsinc.ai,meridianroboticsinc.ai,email_open,2026-07-28 22:00:00,Pricing Update
HS-000141,cto@signalai.co,signalai.co,email_open,2026-09-19 12:00:00,Q3 Inference Launch
HS-000142,cto@atlaslogic.com,atlaslogic.com,page_view,2026-05-23 09:00:00,Open Models Newsletter
HS-000143,ops@lumenai.io,lumenai.io,email_open,2026-07-03 16:00:00,Developer Digest
HS-000144,ops@nimbushealth.ai,nimbushealth.ai,page_view,2026-06-28 04:00:00,Enterprise Webinar
HS-000145,ops@orbitnetworks.co,orbitnetworks.co,email_open,2026-07-21 11:00:00,Pricing Update
HS-000146,cto@zenithpaygroup.com,zenithpaygroup.com,email_open,2026-07-07 17:00:00,Developer Digest
HS-000147,ops@helixcloud.co,helixcloud.co,page_view,2026-08-17 00:00:00,Enterprise Webinar
HS-000148,ops@cindercloud.ai,cindercloud.ai,page_view,2026-07-02 11:00:00,Open Models Newsletter
HS-000149,ops@quantacloud.ai,quantacloud.ai,email_open,2026-06-09 20:00:00,Enterprise Webinar
HS-000150,ops@orbitlabs.com,orbitlabs.com,email_click,2026-08-04 06:00:00,Open Models Newsletter
HS-000151,data@pixelanalytics.co,pixelanalytics.co,meeting_booked,2026-06-04 09:00:00,Open Models Newsletter
HS-000152,ops@cindernetworkstech.ai,cindernetworkstech.ai,page_view,2026-08-01 01:00:00,Enterprise Webinar
HS-000153,ops@zenithlabs.com,zenithlabs.com,page_view,2026-07-08 11:00:00,Developer Digest
HS-000154,vp.eng@cinderrobotics.co,cinderrobotics.co,email_open,2026-07-07 15:00:00,Pricing Update
HS-000155,data@pixelnetworkstech.io,pixelnetworkstech.io,form_submit,2026-07-26 17:00:00,Open Models Newsletter
HS-000156,cto@quantaanalytics.co,quantaanalytics.co,email_open,2026-06-20 05:00:00,Enterprise Webinar
HS-000157,vp.eng@cinderlogic.io,cinderlogic.io,email_open,2026-06-29 11:00:00,Developer Digest
HS-000158,cto@ridgenetworks.com,ridgenetworks.com,email_click,2026-06-03 11:00:00,Enterprise Webinar
HS-000159,ops@novaroboticstech.io,novaroboticstech.io,email_click,2026-09-08 19:00:00,Pricing Update
HS-000160,data@quantapay.co,quantapay.co,email_open,2026-06-26 00:00:00,Enterprise Webinar
HS-000161,vp.eng@cobaltsystems.ai,cobaltsystems.ai,page_view,2026-08-16 20:00:00,Enterprise Webinar
HS-000162,ops@deltaanalytics.com,deltaanalytics.com,email_click,2026-07-13 04:00:00,Open Models Newsletter
HS-000163,data@quantaanalytics.co,quantaanalytics.co,email_click,2026-09-01 00:00:00,Enterprise Webinar
HS-000164,ops@cobaltdata.com,cobaltdata.com,page_view,2026-06-27 05:00:00,Developer Digest
HS-000165,cto@meridianroboticsco.ai,meridianroboticsco.ai,email_open,2026-08-25 13:00:00,Developer Digest
HS-000166,vp.eng@ridgelogic.ai,ridgelogic.ai,page_view,2026-07-23 12:00:00,Enterprise Webinar
HS-000167,cto@novahealth.co,novahealth.co,email_open,2026-08-22 15:00:00,Enterprise Webinar
HS-000168,ops@signalrobotics.ai,signalrobotics.ai,page_view,2026-06-08 21:00:00,Enterprise Webinar
HS-000169,vp.eng@ridgeanalytics.co,ridgeanalytics.co,form_submit,2026-06-03 08:00:00,Developer Digest
HS-000170,vp.eng@helixnetworksco.ai,helixnetworksco.ai,email_open,2026-08-03 00:00:00,Open Models Newsletter
HS-000171,vp.eng@pixelsystems.com,pixelsystems.com,page_view,2026-07-18 09:00:00,Pricing Update
HS-000172,vp.eng@summithealth.ai,summithealth.ai,email_click,2026-06-19 17:00:00,Pricing Update
HS-000173,data@cinderrobotics.co,cinderrobotics.co,page_view,2026-08-03 08:00:00,Developer Digest
HS-000174,data@cobaltworks.co,cobaltworks.co,email_open,2026-06-08 10:00:00,Q3 Inference Launch
HS-000175,cto@emberanalytics.ai,emberanalytics.ai,page_view,2026-09-09 13:00:00,Enterprise Webinar
HS-000176,ops@cobaltanalytics.co,cobaltanalytics.co,email_open,2026-07-08 04:00:00,Pricing Update
HS-000177,vp.eng@vectordata.co,vectordata.co,email_click,2026-08-27 04:00:00,Open Models Newsletter
HS-000178,vp.eng@vectorworks.com,vectorworks.com,email_open,2026-07-08 11:00:00,Open Models Newsletter
HS-000179,cto@beaconlogic.com,beaconlogic.com,page_view,2026-09-05 23:00:00,Enterprise Webinar
HS-000180,vp.eng@cinderpayinc.io,cinderpayinc.io,page_view,2026-09-02 12:00:00,Enterprise Webinar
HS-000181,ops@atlaslogic.com,atlaslogic.com,email_click,2026-08-16 11:00:00,Enterprise Webinar
HS-000182,vp.eng@emberworksinc.com,emberworksinc.com,page_view,2026-09-13 03:00:00,Pricing Update
HS-000183,cto@deltapay.com,deltapay.com,email_click,2026-06-10 10:00:00,Enterprise Webinar
HS-000184,vp.eng@novanetworks.com,novanetworks.com,email_open,2026-05-29 17:00:00,Pricing Update
HS-000185,data@atlaslogic.com,atlaslogic.com,page_view,2026-07-09 16:00:00,Open Models Newsletter
HS-000186,cto@signalanalytics.ai,signalanalytics.ai,page_view,2026-09-06 23:00:00,Q3 Inference Launch
HS-000187,ops@nimbusnetworks.co,nimbusnetworks.co,form_submit,2026-07-18 12:00:00,Developer Digest
HS-000188,ops@ridgenetworks.com,ridgenetworks.com,email_open,2026-09-09 00:00:00,Pricing Update
HS-000189,vp.eng@cobaltsystemsco.io,cobaltsystemsco.io,email_click,2026-08-10 17:00:00,Enterprise Webinar
HS-000190,vp.eng@cinderrobotics.co,cinderrobotics.co,page_view,2026-06-17 10:00:00,Enterprise Webinar
HS-000191,vp.eng@cobaltlabs.com,cobaltlabs.com,page_view,2026-08-16 22:00:00,Open Models Newsletter
HS-000192,cto@lumennetworks.co,lumennetworks.co,email_click,2026-05-31 01:00:00,Q3 Inference Launch
HS-000193,vp.eng@emberdataco.co,emberdataco.co,email_open,2026-05-30 16:00:00,Enterprise Webinar
HS-000194,cto@cobaltrobotics.co,cobaltrobotics.co,email_click,2026-07-08 11:00:00,Open Models Newsletter
HS-000195,cto@meridianroboticsco.ai,meridianroboticsco.ai,email_open,2026-08-26 23:00:00,Open Models Newsletter
HS-000196,ops@lumennetworks.co,lumennetworks.co,email_open,2026-06-29 03:00:00,Q3 Inference Launch
HS-000197,cto@harborworks.io,harborworks.io,email_open,2026-06-07 06:00:00,Open Models Newsletter
HS-000198,vp.eng@atlasworks.com,atlasworks.com,email_open,2026-08-09 02:00:00,Developer Digest
HS-000199,cto@pixelcloud.co,pixelcloud.co,email_open,2026-07-20 00:00:00,Enterprise Webinar
HS-000200,cto@signalhealth.co,signalhealth.co,email_open,2026-08-10 02:00:00,Open Models Newsletter
HS-000201,ops@helixnetworks.io,helixnetworks.io,email_open,2026-07-04 16:00:00,Pricing Update
HS-000202,ops@lumencloud.io,lumencloud.io,form_submit,2026-06-13 11:00:00,Enterprise Webinar
HS-000203,ops@emberdataco.co,emberdataco.co,page_view,2026-07-18 22:00:00,Enterprise Webinar
HS-000204,data@orbitcloud.io,orbitcloud.io,email_open,2026-07-02 12:00:00,Pricing Update
HS-000205,data@signalnetworkstech.co,signalnetworkstech.co,email_open,2026-08-28 04:00:00,Q3 Inference Launch
HS-000206,data@ridgelogicinc.ai,ridgelogicinc.ai,email_open,2026-06-11 12:00:00,Enterprise Webinar
HS-000207,vp.eng@signalhealth.co,signalhealth.co,page_view,2026-06-06 16:00:00,Enterprise Webinar
HS-000208,data@beaconlabs.io,beaconlabs.io,email_open,2026-08-21 17:00:00,Developer Digest
HS-000209,cto@emberdata.com,emberdata.com,email_click,2026-09-19 12:00:00,Pricing Update
HS-000210,cto@deltalogic.co,deltalogic.co,form_submit,2026-06-11 16:00:00,Pricing Update
HS-000211,data@nimbushealth.ai,nimbushealth.ai,email_open,2026-09-08 12:00:00,Developer Digest
HS-000212,ops@orbitlabsgroup.co,orbitlabsgroup.co,email_open,2026-07-11 22:00:00,Open Models Newsletter
HS-000213,data@pixelai.ai,pixelai.ai,email_open,2026-06-11 07:00:00,Q3 Inference Launch
HS-000214,cto@emberlogic.com,emberlogic.com,page_view,2026-08-02 20:00:00,Q3 Inference Launch
HS-000215,cto@keplerpay.ai,keplerpay.ai,email_click,2026-07-31 12:00:00,Q3 Inference Launch
HS-000216,cto@ridgelogicinc.ai,ridgelogicinc.ai,page_view,2026-05-28 02:00:00,Developer Digest
HS-000217,cto@emberanalyticsgroup.co,emberanalyticsgroup.co,form_submit,2026-06-21 08:00:00,Q3 Inference Launch
HS-000218,data@novahealth.co,novahealth.co,page_view,2026-05-24 06:00:00,Pricing Update
HS-000219,data@zenithhealth.io,zenithhealth.io,page_view,2026-08-25 09:00:00,Pricing Update
HS-000220,cto@cindernetworkstech.ai,cindernetworkstech.ai,email_open,2026-08-24 01:00:00,Enterprise Webinar
HS-000221,cto@atlashealth.io,atlashealth.io,email_open,2026-05-25 23:00:00,Developer Digest
HS-000222,vp.eng@meridianai.ai,meridianai.ai,email_open,2026-08-18 12:00:00,Enterprise Webinar
HS-000223,cto@emberanalyticsgroup.co,emberanalyticsgroup.co,meeting_booked,2026-06-20 18:00:00,Enterprise Webinar
HS-000224,data@harbornetworks.io,harbornetworks.io,page_view,2026-09-12 18:00:00,Open Models Newsletter
HS-000225,vp.eng@summitworksgroup.co,summitworksgroup.co,meeting_booked,2026-08-23 03:00:00,Pricing Update
HS-000226,cto@pixelcloud.co,pixelcloud.co,page_view,2026-06-05 16:00:00,Open Models Newsletter
HS-000227,ops@cinderanalytics.com,cinderanalytics.com,page_view,2026-07-13 15:00:00,Q3 Inference Launch
HS-000228,data@keplerlabstech.io,keplerlabstech.io,form_submit,2026-08-15 16:00:00,Q3 Inference Launch
HS-000229,vp.eng@novarobotics.com,novarobotics.com,email_click,2026-08-21 14:00:00,Developer Digest
HS-000230,vp.eng@emberworksinc.com,emberworksinc.com,form_submit,2026-08-31 02:00:00,Q3 Inference Launch
HS-000231,data@harborsystems.com,harborsystems.com,email_open,2026-08-28 02:00:00,Open Models Newsletter
HS-000232,vp.eng@keplersystems.co,keplersystems.co,email_click,2026-06-27 16:00:00,Open Models Newsletter
HS-000233,data@lumencloud.io,lumencloud.io,page_view,2026-06-27 11:00:00,Pricing Update
HS-000234,vp.eng@atlasworks.com,atlasworks.com,email_open,2026-06-10 22:00:00,Open Models Newsletter
HS-000235,ops@cinderrobotics.co,cinderrobotics.co,email_open,2026-06-09 03:00:00,Enterprise Webinar
HS-000236,ops@signalanalytics.ai,signalanalytics.ai,email_open,2026-07-27 21:00:00,Pricing Update
HS-000237,vp.eng@helixsystems.ai,helixsystems.ai,email_click,2026-08-08 15:00:00,Open Models Newsletter
HS-000238,ops@pixeldata.io,pixeldata.io,email_click,2026-07-08 05:00:00,Open Models Newsletter
HS-000239,data@beaconanalytics.ai,beaconanalytics.ai,email_click,2026-07-11 12:00:00,Open Models Newsletter
HS-000240,ops@lumenlabs.io,lumenlabs.io,email_open,2026-06-08 23:00:00,Enterprise Webinar
HS-000241,cto@novadataco.io,novadataco.io,email_open,2026-06-26 21:00:00,Q3 Inference Launch
HS-000242,data@cobaltlabsinc.io,cobaltlabsinc.io,page_view,2026-09-07 00:00:00,Enterprise Webinar
HS-000243,vp.eng@vectorsystems.io,vectorsystems.io,email_open,2026-09-10 05:00:00,Enterprise Webinar
HS-000244,data@summitlogic.ai,summitlogic.ai,page_view,2026-05-27 11:00:00,Developer Digest
HS-000245,data@emberlabsco.co,emberlabsco.co,email_click,2026-07-30 05:00:00,Q3 Inference Launch
HS-000246,ops@emberdata.com,emberdata.com,email_click,2026-08-29 08:00:00,Open Models Newsletter
HS-000247,cto@summithealthco.co,summithealthco.co,email_open,2026-09-03 03:00:00,Open Models Newsletter
HS-000248,ops@pixelsystems.com,pixelsystems.com,form_submit,2026-07-23 01:00:00,Pricing Update
HS-000249,data@cobaltlogic.io,cobaltlogic.io,page_view,2026-06-28 10:00:00,Developer Digest
HS-000250,cto@atlasanalytics.ai,atlasanalytics.ai,email_open,2026-05-22 01:00:00,Developer Digest
HS-000251,ops@quantahealth.com,quantahealth.com,email_open,2026-07-04 03:00:00,Q3 Inference Launch
HS-000252,cto@nimbusrobotics.io,nimbusrobotics.io,email_open,2026-09-16 02:00:00,Developer Digest
HS-000253,vp.eng@emberlogicinc.co,emberlogicinc.co,page_view,2026-08-27 20:00:00,Enterprise Webinar
HS-000254,ops@beaconlabs.io,beaconlabs.io,email_open,2026-07-06 12:00:00,Q3 Inference Launch
HS-000255,data@lumenhealth.com,lumenhealth.com,page_view,2026-06-08 15:00:00,Open Models Newsletter
HS-000256,data@orbitsystems.io,orbitsystems.io,email_click,2026-06-09 08:00:00,Pricing Update
HS-000257,ops@novarobotics.com,novarobotics.com,page_view,2026-09-02 06:00:00,Open Models Newsletter
HS-000258,vp.eng@emberlabsco.co,emberlabsco.co,email_open,2026-07-12 08:00:00,Open Models Newsletter
HS-000259,data@summithealth.ai,summithealth.ai,email_open,2026-07-06 14:00:00,Open Models Newsletter
HS-000260,cto@orbitnetworks.co,orbitnetworks.co,email_click,2026-08-01 10:00:00,Pricing Update
HS-000261,vp.eng@beaconai.ai,beaconai.ai,meeting_booked,2026-06-02 22:00:00,Pricing Update
HS-000262,vp.eng@lumenanalytics.ai,lumenanalytics.ai,email_open,2026-08-10 08:00:00,Enterprise Webinar
HS-000263,data@orbitcloud.io,orbitcloud.io,email_open,2026-08-16 10:00:00,Developer Digest
HS-000264,data@emberlabsinc.ai,emberlabsinc.ai,email_open,2026-07-25 20:00:00,Q3 Inference Launch
HS-000265,vp.eng@meridianai.ai,meridianai.ai,email_click,2026-09-02 01:00:00,Developer Digest
HS-000266,cto@nimbusrobotics.io,nimbusrobotics.io,email_open,2026-09-13 05:00:00,Pricing Update
HS-000267,cto@zenithpay.io,zenithpay.io,page_view,2026-08-03 20:00:00,Pricing Update
HS-000268,data@quantacloud.ai,quantacloud.ai,email_click,2026-07-29 10:00:00,Enterprise Webinar
HS-000269,ops@pixelnetworkstech.io,pixelnetworkstech.io,email_open,2026-06-02 04:00:00,Pricing Update
HS-000270,vp.eng@nimbuslogic.co,nimbuslogic.co,page_view,2026-07-03 12:00:00,Open Models Newsletter
HS-000271,data@orbitsystems.io,orbitsystems.io,email_open,2026-08-19 13:00:00,Pricing Update
HS-000272,vp.eng@cindernetworkstech.ai,cindernetworkstech.ai,email_open,2026-06-16 14:00:00,Enterprise Webinar
HS-000273,ops@signalnetworkstech.co,signalnetworkstech.co,email_open,2026-06-10 04:00:00,Pricing Update
HS-000274,cto@emberworksinc.com,emberworksinc.com,email_open,2026-06-15 16:00:00,Developer Digest
HS-000275,vp.eng@keplerlabsco.ai,keplerlabsco.ai,page_view,2026-08-15 09:00:00,Developer Digest
HS-000276,vp.eng@orbitsystems.io,orbitsystems.io,email_open,2026-05-30 15:00:00,Open Models Newsletter
HS-000277,cto@pixeldata.io,pixeldata.io,email_click,2026-09-01 22:00:00,Enterprise Webinar
HS-000278,data@keplersystemsco.com,keplersystemsco.com,email_open,2026-09-03 00:00:00,Developer Digest
HS-000279,cto@meridianworks.co,meridianworks.co,page_view,2026-07-08 03:00:00,Developer Digest
HS-000280,vp.eng@emberdata.com,emberdata.com,email_click,2026-09-07 18:00:00,Enterprise Webinar
HS-000281,data@vectoranalytics.com,vectoranalytics.com,page_view,2026-09-03 01:00:00,Q3 Inference Launch
HS-000282,data@ridgecloud.ai,ridgecloud.ai,email_open,2026-06-14 08:00:00,Q3 Inference Launch
HS-000283,vp.eng@nimbusdata.co,nimbusdata.co,email_open,2026-08-26 03:00:00,Pricing Update
HS-000284,vp.eng@signalnetworkstech.co,signalnetworkstech.co,page_view,2026-08-07 05:00:00,Open Models Newsletter
HS-000285,cto@nimbushealth.ai,nimbushealth.ai,page_view,2026-09-15 23:00:00,Enterprise Webinar
HS-000286,data@emberhealth.ai,emberhealth.ai,email_open,2026-06-03 11:00:00,Pricing Update
HS-000287,cto@atlasworks.com,atlasworks.com,email_open,2026-07-09 23:00:00,Q3 Inference Launch
HS-000288,vp.eng@vectorworks.com,vectorworks.com,page_view,2026-09-06 20:00:00,Enterprise Webinar
HS-000289,data@atlassystems.com,atlassystems.com,page_view,2026-08-08 12:00:00,Open Models Newsletter
HS-000290,data@emberdataco.co,emberdataco.co,form_submit,2026-08-26 05:00:00,Pricing Update
HS-000291,data@cobaltpay.com,cobaltpay.com,form_submit,2026-09-19 10:00:00,Developer Digest
HS-000292,cto@ridgeanalytics.co,ridgeanalytics.co,page_view,2026-05-22 15:00:00,Q3 Inference Launch
HS-000293,vp.eng@keplerlabsco.ai,keplerlabsco.ai,email_open,2026-08-26 01:00:00,Pricing Update
HS-000294,cto@nimbusdata.co,nimbusdata.co,email_open,2026-09-09 16:00:00,Q3 Inference Launch
HS-000295,ops@cindercloud.ai,cindercloud.ai,email_click,2026-05-29 14:00:00,Enterprise Webinar
HS-000296,data@cinderdata.io,cinderdata.io,email_open,2026-08-30 22:00:00,Enterprise Webinar
HS-000297,data@signalnetworksinc.ai,signalnetworksinc.ai,email_open,2026-08-13 15:00:00,Enterprise Webinar
HS-000298,ops@signalai.co,signalai.co,email_open,2026-09-17 16:00:00,Pricing Update
HS-000299,data@vectorsystems.io,vectorsystems.io,email_click,2026-07-17 06:00:00,Open Models Newsletter
HS-000300,vp.eng@atlaspay.ai,atlaspay.ai,page_view,2026-06-21 05:00:00,Enterprise Webinar
HS-000301,ops@emberlabs.ai,emberlabs.ai,email_open,2026-08-31 03:00:00,Q3 Inference Launch
HS-000302,data@vectorsystems.io,vectorsystems.io,meeting_booked,2026-05-29 21:00:00,Pricing Update
HS-000303,ops@zenithpay.io,zenithpay.io,email_open,2026-08-12 13:00:00,Enterprise Webinar
HS-000304,vp.eng@keplersystems.co,keplersystems.co,email_open,2026-09-13 18:00:00,Enterprise Webinar
HS-000305,vp.eng@emberanalyticsgroup.co,emberanalyticsgroup.co,email_click,2026-07-27 13:00:00,Open Models Newsletter
HS-000306,vp.eng@cinderdata.io,cinderdata.io,email_click,2026-06-18 17:00:00,Enterprise Webinar
HS-000307,cto@signalrobotics.ai,signalrobotics.ai,email_open,2026-07-02 23:00:00,Enterprise Webinar
HS-000308,vp.eng@novaroboticstech.io,novaroboticstech.io,email_open,2026-07-30 20:00:00,Developer Digest
HS-000309,ops@beaconnetworks.ai,beaconnetworks.ai,email_open,2026-08-21 16:00:00,Q3 Inference Launch
HS-000310,data@orbitcloud.io,orbitcloud.io,email_open,2026-07-25 00:00:00,Q3 Inference Launch
HS-000311,data@quantahealth.com,quantahealth.com,email_open,2026-06-11 12:00:00,Open Models Newsletter
HS-000312,data@harborlogic.com,harborlogic.com,email_click,2026-09-01 04:00:00,Open Models Newsletter
HS-000313,vp.eng@deltapayinc.com,deltapayinc.com,email_open,2026-08-19 18:00:00,Q3 Inference Launch
HS-000314,cto@emberlabs.ai,emberlabs.ai,form_submit,2026-09-12 18:00:00,Q3 Inference Launch
HS-000315,vp.eng@pixelnetworks.com,pixelnetworks.com,page_view,2026-06-07 18:00:00,Open Models Newsletter
HS-000316,vp.eng@pixelhealth.ai,pixelhealth.ai,email_open,2026-06-20 22:00:00,Enterprise Webinar
HS-000317,data@signalhealth.co,signalhealth.co,email_click,2026-09-11 00:00:00,Developer Digest
HS-000318,cto@pixeldata.io,pixeldata.io,email_open,2026-08-30 14:00:00,Enterprise Webinar
HS-000319,ops@keplerrobotics.ai,keplerrobotics.ai,page_view,2026-07-25 15:00:00,Open Models Newsletter
HS-000320,data@vectorsystems.io,vectorsystems.io,page_view,2026-06-18 08:00:00,Q3 Inference Launch
HS-000321,data@keplerlabsgroup.ai,keplerlabsgroup.ai,form_submit,2026-08-09 10:00:00,Pricing Update
HS-000322,cto@orbitrobotics.co,orbitrobotics.co,email_click,2026-05-24 22:00:00,Pricing Update
