usage_id,account_id,month,api_calls,active_users,mom_growth_pct
USG-000001,ACC-00001,2026-04-01,5160000,95,29
USG-000002,ACC-00001,2026-05-01,6656400,99,29
USG-000003,ACC-00001,2026-06-01,8187372,103,23
USG-000004,ACC-00001,2026-07-01,10070467,105,23
USG-000005,ACC-00001,2026-08-01,12990902,103,29
USG-000006,ACC-00001,2026-09-01,15978809,102,23
USG-000007,ACC-00002,2026-04-01,1460000,16,46
USG-000008,ACC-00002,2026-05-01,2146200,21,47
USG-000009,ACC-00002,2026-06-01,3111990,22,45
USG-000010,ACC-00002,2026-07-01,4636865,21,49
USG-000011,ACC-00002,2026-08-01,6677085,25,44
USG-000012,ACC-00002,2026-09-01,9615002,25,44
USG-000013,ACC-00003,2026-04-01,5720000,240,28
USG-000014,ACC-00003,2026-05-01,8122400,232,27
USG-000015,ACC-00003,2026-06-01,11533808,224,30
USG-000016,ACC-00003,2026-07-01,17185373,216,28
USG-000017,ACC-00003,2026-08-01,25090644,208,30
USG-000018,ACC-00003,2026-09-01,35377808,260,40
USG-000019,ACC-00004,2026-04-01,5920000,16,48
USG-000020,ACC-00004,2026-05-01,8347199,16,41
USG-000021,ACC-00004,2026-06-01,11936494,18,43
USG-000022,ACC-00004,2026-07-01,16949821,24,42
USG-000023,ACC-00004,2026-08-01,24577240,26,45
USG-000024,ACC-00004,2026-09-01,35145453,32,43
USG-000025,ACC-00005,2026-04-01,1050000,30,5
USG-000026,ACC-00005,2026-05-01,1113000,29,6
USG-000027,ACC-00005,2026-06-01,1235430,32,11
USG-000028,ACC-00005,2026-07-01,1334264,32,8
USG-000029,ACC-00005,2026-08-01,1427662,37,7
USG-000030,ACC-00005,2026-09-01,1584704,36,11
USG-000031,ACC-00006,2026-04-01,206000,7,3
USG-000032,ACC-00006,2026-05-01,208060,5,1
USG-000033,ACC-00006,2026-06-01,218463,4,5
USG-000034,ACC-00006,2026-07-01,229386,6,5
USG-000035,ACC-00006,2026-08-01,236267,12,3
USG-000036,ACC-00006,2026-09-01,248080,12,5
USG-000037,ACC-00007,2026-04-01,258000,3,29
USG-000038,ACC-00007,2026-05-01,319920,4,24
USG-000039,ACC-00007,2026-06-01,399900,5,25
USG-000040,ACC-00007,2026-07-01,511872,2,28
USG-000041,ACC-00007,2026-08-01,639840,7,25
USG-000042,ACC-00007,2026-09-01,825393,11,29
USG-000043,ACC-00008,2026-04-01,11400000,91,-5
USG-000044,ACC-00008,2026-05-01,10374000,90,-9
USG-000045,ACC-00008,2026-06-01,9440340,92,-9
USG-000046,ACC-00008,2026-07-01,9157129,97,-3
USG-000047,ACC-00008,2026-08-01,8790843,95,-4
USG-000048,ACC-00008,2026-09-01,8439209,95,-4
USG-000049,ACC-00009,2026-04-01,4040000,133,1
USG-000050,ACC-00009,2026-05-01,4242000,133,5
USG-000051,ACC-00009,2026-06-01,4284420,139,1
USG-000052,ACC-00009,2026-07-01,4455796,142,4
USG-000053,ACC-00009,2026-08-01,4544911,143,2
USG-000054,ACC-00009,2026-09-01,4590360,147,1
USG-000055,ACC-00010,2026-04-01,4040000,123,1
USG-000056,ACC-00010,2026-05-01,4201600,129,4
USG-000057,ACC-00010,2026-06-01,4243616,126,1
USG-000058,ACC-00010,2026-07-01,4455796,124,5
USG-000059,ACC-00010,2026-08-01,4678585,126,5
USG-000060,ACC-00010,2026-09-01,5006085,124,7
USG-000061,ACC-00011,2026-04-01,192000,43,-4
USG-000062,ACC-00011,2026-05-01,178560,42,-7
USG-000063,ACC-00011,2026-06-01,169632,40,-5
USG-000064,ACC-00011,2026-07-01,156061,42,-8
USG-000065,ACC-00011,2026-08-01,151379,42,-3
USG-000066,ACC-00011,2026-09-01,137754,41,-9
USG-000067,ACC-00012,2026-04-01,12600000,84,5
USG-000068,ACC-00012,2026-05-01,13230000,84,5
USG-000069,ACC-00012,2026-06-01,14023800,83,6
USG-000070,ACC-00012,2026-07-01,14724990,82,5
USG-000071,ACC-00012,2026-08-01,15166739,81,3
USG-000072,ACC-00012,2026-09-01,15015071,84,-1
USG-000073,ACC-00013,2026-04-01,4120000,28,3
USG-000074,ACC-00013,2026-05-01,4408400,25,7
USG-000075,ACC-00013,2026-06-01,4716988,27,7
USG-000076,ACC-00013,2026-07-01,4716988,27,0
USG-000077,ACC-00013,2026-08-01,4811327,25,2
USG-000078,ACC-00013,2026-09-01,4907553,30,2
USG-000079,ACC-00014,2026-04-01,53500,14,7
USG-000080,ACC-00014,2026-05-01,54035,12,1
USG-000081,ACC-00014,2026-06-01,54035,11,0
USG-000082,ACC-00014,2026-07-01,54575,9,1
USG-000083,ACC-00014,2026-08-01,55120,7,1
USG-000084,ACC-00014,2026-09-01,57324,8,4
USG-000085,ACC-00015,2026-04-01,15120000,36,26
USG-000086,ACC-00015,2026-05-01,18597600,39,23
USG-000087,ACC-00015,2026-06-01,23990904,42,29
USG-000088,ACC-00015,2026-07-01,30948266,46,29
USG-000089,ACC-00015,2026-08-01,39304297,47,27
USG-000090,ACC-00015,2026-09-01,47558199,45,21
USG-000091,ACC-00016,2026-04-01,13919999,32,16
USG-000092,ACC-00016,2026-05-01,16564798,37,19
USG-000093,ACC-00016,2026-06-01,18386925,40,11
USG-000094,ACC-00016,2026-07-01,21144963,41,15
USG-000095,ACC-00016,2026-08-01,23893808,38,13
USG-000096,ACC-00016,2026-09-01,26522126,41,11
USG-000097,ACC-00017,2026-04-01,222000,136,11
USG-000098,ACC-00017,2026-05-01,246420,136,11
USG-000099,ACC-00017,2026-06-01,268597,141,9
USG-000100,ACC-00017,2026-07-01,292770,144,9
USG-000101,ACC-00017,2026-08-01,322047,145,10
USG-000102,ACC-00017,2026-09-01,354251,146,10
USG-000103,ACC-00018,2026-04-01,61500,114,23
USG-000104,ACC-00018,2026-05-01,76875,113,25
USG-000105,ACC-00018,2026-06-01,93787,119,22
USG-000106,ACC-00018,2026-07-01,115358,122,23
USG-000107,ACC-00018,2026-08-01,141890,121,23
USG-000108,ACC-00018,2026-09-01,173105,121,22
USG-000109,ACC-00019,2026-04-01,200000,4,0
USG-000110,ACC-00019,2026-05-01,206000,3,3
USG-000111,ACC-00019,2026-06-01,212180,8,3
USG-000112,ACC-00019,2026-07-01,216423,6,2
USG-000113,ACC-00019,2026-08-01,222915,10,3
USG-000114,ACC-00019,2026-09-01,238519,16,7
USG-000115,ACC-00020,2026-04-01,55500,25,11
USG-000116,ACC-00020,2026-05-01,61050,31,10
USG-000117,ACC-00020,2026-06-01,65934,37,8
USG-000118,ACC-00020,2026-07-01,73846,35,12
USG-000119,ACC-00020,2026-08-01,78276,40,6
USG-000120,ACC-00020,2026-09-01,83755,38,7
USG-000121,ACC-00021,2026-04-01,11280000,11,-6
USG-000122,ACC-00021,2026-05-01,10941600,14,-3
USG-000123,ACC-00021,2026-06-01,9956856,13,-9
USG-000124,ACC-00021,2026-07-01,9060738,10,-9
USG-000125,ACC-00021,2026-08-01,8245271,12,-9
USG-000126,ACC-00021,2026-09-01,7750554,11,-6
USG-000127,ACC-00022,2026-04-01,12480000,92,4
USG-000128,ACC-00022,2026-05-01,12355200,90,-1
USG-000129,ACC-00022,2026-06-01,11860992,92,-4
USG-000130,ACC-00022,2026-07-01,11386552,94,-4
USG-000131,ACC-00022,2026-08-01,11158820,95,-2
USG-000132,ACC-00022,2026-09-01,11047231,100,-1
USG-000133,ACC-00023,2026-04-01,214000,2,7
USG-000134,ACC-00023,2026-05-01,224700,8,5
USG-000135,ACC-00023,2026-06-01,226947,14,1
USG-000136,ACC-00023,2026-07-01,224677,11,-1
USG-000137,ACC-00023,2026-08-01,238157,14,6
USG-000138,ACC-00023,2026-09-01,254827,17,7
USG-000139,ACC-00024,2026-04-01,294000,120,47
USG-000140,ACC-00024,2026-05-01,423360,119,44
USG-000141,ACC-00024,2026-06-01,630806,119,49
USG-000142,ACC-00024,2026-07-01,939900,125,49
USG-000143,ACC-00024,2026-08-01,1381653,125,47
USG-000144,ACC-00024,2026-09-01,1989580,129,44
USG-000145,ACC-00025,2026-04-01,4640000,22,16
USG-000146,ACC-00025,2026-05-01,5521600,25,19
USG-000147,ACC-00025,2026-06-01,6239407,28,13
USG-000148,ACC-00025,2026-07-01,7362500,26,18
USG-000149,ACC-00025,2026-08-01,8393250,29,14
USG-000150,ACC-00025,2026-09-01,9987967,30,19
USG-000151,ACC-00026,2026-04-01,47000,2,-6
USG-000152,ACC-00026,2026-05-01,46530,1,-1
USG-000153,ACC-00026,2026-06-01,43738,1,-6
USG-000154,ACC-00026,2026-07-01,40676,1,-7
USG-000155,ACC-00026,2026-08-01,40269,6,-1
USG-000156,ACC-00026,2026-09-01,37852,8,-6
USG-000157,ACC-00027,2026-04-01,244000,126,22
USG-000158,ACC-00027,2026-05-01,312320,128,28
USG-000159,ACC-00027,2026-06-01,377907,131,21
USG-000160,ACC-00027,2026-07-01,483720,135,28
USG-000161,ACC-00027,2026-08-01,614324,133,27
USG-000162,ACC-00027,2026-09-01,743332,136,21
USG-000163,ACC-00028,2026-04-01,990000,50,-1
USG-000164,ACC-00028,2026-05-01,910800,51,-8
USG-000165,ACC-00028,2026-06-01,856152,49,-6
USG-000166,ACC-00028,2026-07-01,796221,53,-7
USG-000167,ACC-00028,2026-08-01,780296,56,-2
USG-000168,ACC-00028,2026-09-01,717872,60,-8
USG-000169,ACC-00029,2026-04-01,12600000,37,5
USG-000170,ACC-00029,2026-05-01,13482000,37,7
USG-000171,ACC-00029,2026-06-01,14425740,38,7
USG-000172,ACC-00029,2026-07-01,15002769,42,4
USG-000173,ACC-00029,2026-08-01,15152796,39,1
USG-000174,ACC-00029,2026-09-01,15304323,42,1
USG-000175,ACC-00030,2026-04-01,5080000,102,27
USG-000176,ACC-00030,2026-05-01,6451600,101,27
USG-000177,ACC-00030,2026-06-01,8129016,107,26
USG-000178,ACC-00030,2026-07-01,9917399,106,22
USG-000179,ACC-00030,2026-08-01,12495922,110,26
USG-000180,ACC-00030,2026-09-01,15494943,111,24
USG-000181,ACC-00031,2026-04-01,13559999,134,13
USG-000182,ACC-00031,2026-05-01,15729598,134,16
USG-000183,ACC-00031,2026-06-01,18089037,137,15
USG-000184,ACC-00031,2026-07-01,20078831,141,11
USG-000185,ACC-00031,2026-08-01,23090655,140,15
USG-000186,ACC-00031,2026-09-01,25630627,144,11
USG-000187,ACC-00032,2026-04-01,1020000,127,2
USG-000188,ACC-00032,2026-05-01,1020000,125,0
USG-000189,ACC-00032,2026-06-01,1050600,131,3
USG-000190,ACC-00032,2026-07-01,1071612,135,2
USG-000191,ACC-00032,2026-08-01,1028747,140,-4
USG-000192,ACC-00032,2026-09-01,987597,145,-4
USG-000193,ACC-00033,2026-04-01,12720000,121,6
USG-000194,ACC-00033,2026-05-01,13610400,123,7
USG-000195,ACC-00033,2026-06-01,14018712,126,3
USG-000196,ACC-00033,2026-07-01,14439273,124,3
USG-000197,ACC-00033,2026-08-01,15450022,124,7
USG-000198,ACC-00033,2026-09-01,16531523,125,7
USG-000199,ACC-00034,2026-04-01,53500,109,7
USG-000200,ACC-00034,2026-05-01,59385,114,11
USG-000201,ACC-00034,2026-06-01,64729,114,9
USG-000202,ACC-00034,2026-07-01,71201,120,10
USG-000203,ACC-00034,2026-08-01,79745,125,12
USG-000204,ACC-00034,2026-09-01,83732,128,5
USG-000205,ACC-00035,2026-04-01,950000,140,-5
USG-000206,ACC-00035,2026-05-01,912000,137,-4
USG-000207,ACC-00035,2026-06-01,848160,142,-7
USG-000208,ACC-00035,2026-07-01,822715,139,-3
USG-000209,ACC-00035,2026-08-01,789806,138,-4
USG-000210,ACC-00035,2026-09-01,726621,135,-8
USG-000211,ACC-00036,2026-04-01,206000,102,3
USG-000212,ACC-00036,2026-05-01,210120,105,2
USG-000213,ACC-00036,2026-06-01,210120,110,0
USG-000214,ACC-00036,2026-07-01,201715,107,-4
USG-000215,ACC-00036,2026-08-01,209783,106,4
USG-000216,ACC-00036,2026-09-01,209783,111,0
USG-000217,ACC-00037,2026-04-01,1120000,94,12
USG-000218,ACC-00037,2026-05-01,1243200,99,11
USG-000219,ACC-00037,2026-06-01,1479408,105,19
USG-000220,ACC-00037,2026-07-01,1760495,105,19
USG-000221,ACC-00037,2026-08-01,1954149,107,11
USG-000222,ACC-00037,2026-09-01,2305895,108,18
USG-000223,ACC-00038,2026-04-01,14160000,64,18
USG-000224,ACC-00038,2026-05-01,15859200,69,12
USG-000225,ACC-00038,2026-06-01,18396672,72,16
USG-000226,ACC-00038,2026-07-01,20972206,69,14
USG-000227,ACC-00038,2026-08-01,23698592,73,13
USG-000228,ACC-00038,2026-09-01,27490366,70,16
USG-000229,ACC-00039,2026-04-01,48000,5,-4
USG-000230,ACC-00039,2026-05-01,48960,8,2
USG-000231,ACC-00039,2026-06-01,47491,14,-3
USG-000232,ACC-00039,2026-07-01,47965,14,1
USG-000233,ACC-00039,2026-08-01,46046,16,-4
USG-000234,ACC-00039,2026-09-01,46966,17,2
USG-000235,ACC-00040,2026-04-01,72000,73,44
USG-000236,ACC-00040,2026-05-01,107280,74,49
USG-000237,ACC-00040,2026-06-01,157701,78,47
USG-000238,ACC-00040,2026-07-01,222358,83,41
USG-000239,ACC-00040,2026-08-01,329089,80,48
USG-000240,ACC-00040,2026-09-01,467306,85,42
USG-000241,ACC-00041,2026-04-01,4160000,41,4
USG-000242,ACC-00041,2026-05-01,4368000,41,5
USG-000243,ACC-00041,2026-06-01,4804800,43,10
USG-000244,ACC-00041,2026-07-01,5045040,40,5
USG-000245,ACC-00041,2026-08-01,5398192,41,7
USG-000246,ACC-00041,2026-09-01,5830047,42,8
USG-000247,ACC-00042,2026-04-01,1110000,39,11
USG-000248,ACC-00042,2026-05-01,1309800,40,18
USG-000249,ACC-00042,2026-06-01,1519368,43,16
USG-000250,ACC-00042,2026-07-01,1808047,46,19
USG-000251,ACC-00042,2026-08-01,2097334,45,16
USG-000252,ACC-00042,2026-09-01,2411934,42,15
USG-000253,ACC-00043,2026-04-01,5720000,37,43
USG-000254,ACC-00043,2026-05-01,8351200,39,46
USG-000255,ACC-00043,2026-06-01,12276264,43,47
USG-000256,ACC-00043,2026-07-01,17555057,45,43
USG-000257,ACC-00043,2026-08-01,25805933,44,47
USG-000258,ACC-00043,2026-09-01,36902484,43,43
USG-000259,ACC-00044,2026-04-01,51000,5,2
USG-000260,ACC-00044,2026-05-01,52530,9,3
USG-000261,ACC-00044,2026-06-01,52004,10,-1
USG-000262,ACC-00044,2026-07-01,55124,11,6
USG-000263,ACC-00044,2026-08-01,58431,14,6
USG-000264,ACC-00044,2026-09-01,60183,19,3
USG-000265,ACC-00045,2026-04-01,1020000,92,2
USG-000266,ACC-00045,2026-05-01,1071000,94,5
USG-000267,ACC-00045,2026-06-01,1081710,92,1
USG-000268,ACC-00045,2026-07-01,1103344,97,2
USG-000269,ACC-00045,2026-08-01,1125410,99,2
USG-000270,ACC-00045,2026-09-01,1114155,103,-1
USG-000271,ACC-00046,2026-04-01,52000,40,4
USG-000272,ACC-00046,2026-05-01,53040,38,2
USG-000273,ACC-00046,2026-06-01,53570,44,1
USG-000274,ACC-00046,2026-07-01,53034,41,-1
USG-000275,ACC-00046,2026-08-01,54094,44,2
USG-000276,ACC-00046,2026-09-01,54634,43,1
USG-000277,ACC-00047,2026-04-01,64000,20,28
USG-000278,ACC-00047,2026-05-01,78720,24,23
USG-000279,ACC-00047,2026-06-01,100761,23,28
USG-000280,ACC-00047,2026-07-01,127966,24,27
USG-000281,ACC-00047,2026-08-01,165076,29,29
USG-000282,ACC-00047,2026-09-01,204694,35,24
USG-000283,ACC-00048,2026-04-01,1260000,90,26
USG-000284,ACC-00048,2026-05-01,1587600,89,26
USG-000285,ACC-00048,2026-06-01,1952748,95,23
USG-000286,ACC-00048,2026-07-01,2440935,94,25
USG-000287,ACC-00048,2026-08-01,3075578,93,26
USG-000288,ACC-00048,2026-09-01,3875228,91,26
USG-000289,ACC-00049,2026-04-01,4640000,36,16
USG-000290,ACC-00049,2026-05-01,5382400,42,16
USG-000291,ACC-00049,2026-06-01,6028288,46,12
USG-000292,ACC-00049,2026-07-01,6751682,43,12
USG-000293,ACC-00049,2026-08-01,7831951,40,16
USG-000294,ACC-00049,2026-09-01,9320021,37,19
USG-000295,ACC-00050,2026-04-01,1120000,82,12
USG-000296,ACC-00050,2026-05-01,1321600,86,18
USG-000297,ACC-00050,2026-06-01,1519839,87,15
USG-000298,ACC-00050,2026-07-01,1793410,87,18
USG-000299,ACC-00050,2026-08-01,2080355,87,16
USG-000300,ACC-00050,2026-09-01,2413211,86,16
USG-000301,ACC-00051,2026-04-01,1490000,116,49
USG-000302,ACC-00051,2026-05-01,2115800,120,42
USG-000303,ACC-00051,2026-06-01,3004436,122,42
USG-000304,ACC-00051,2026-07-01,4356432,128,45
USG-000305,ACC-00051,2026-08-01,6447519,128,48
USG-000306,ACC-00051,2026-09-01,9348902,129,45
USG-000307,ACC-00052,2026-04-01,11520000,55,-4
USG-000308,ACC-00052,2026-05-01,11289600,60,-2
USG-000309,ACC-00052,2026-06-01,11176704,57,-1
USG-000310,ACC-00052,2026-07-01,10506101,57,-6
USG-000311,ACC-00052,2026-08-01,9665612,62,-8
USG-000312,ACC-00052,2026-09-01,9085675,65,-6
USG-000313,ACC-00053,2026-04-01,62000,20,24
USG-000314,ACC-00053,2026-05-01,79980,26,29
USG-000315,ACC-00053,2026-06-01,98375,29,23
USG-000316,ACC-00053,2026-07-01,119033,34,21
USG-000317,ACC-00053,2026-08-01,152362,39,28
USG-000318,ACC-00053,2026-09-01,196546,38,29
USG-000319,ACC-00054,2026-04-01,12120000,24,1
USG-000320,ACC-00054,2026-05-01,12968400,28,7
USG-000321,ACC-00054,2026-06-01,13227768,25,2
USG-000322,ACC-00054,2026-07-01,13624601,30,3
USG-000323,ACC-00054,2026-08-01,14305831,29,5
USG-000324,ACC-00054,2026-09-01,14878064,27,4
USG-000325,ACC-00055,2026-04-01,980000,50,-2
USG-000326,ACC-00055,2026-05-01,950600,52,-3
USG-000327,ACC-00055,2026-06-01,893564,54,-6
USG-000328,ACC-00055,2026-07-01,839950,58,-6
USG-000329,ACC-00055,2026-08-01,831550,55,-1
USG-000330,ACC-00055,2026-09-01,765026,60,-8
USG-000331,ACC-00056,2026-04-01,12600000,34,5
USG-000332,ACC-00056,2026-05-01,12852000,35,2
USG-000333,ACC-00056,2026-06-01,13237560,38,3
USG-000334,ACC-00056,2026-07-01,14031813,36,6
USG-000335,ACC-00056,2026-08-01,14873721,40,6
USG-000336,ACC-00056,2026-09-01,15617407,39,5
USG-000337,ACC-00057,2026-04-01,13440000,105,12
USG-000338,ACC-00057,2026-05-01,15321600,105,14
USG-000339,ACC-00057,2026-06-01,17926272,104,17
USG-000340,ACC-00057,2026-07-01,20615212,107,15
USG-000341,ACC-00057,2026-08-01,24119798,108,17
USG-000342,ACC-00057,2026-09-01,27978965,105,16
USG-000343,ACC-00058,2026-04-01,14520000,8,21
USG-000344,ACC-00058,2026-05-01,17569200,13,21
USG-000345,ACC-00058,2026-06-01,22664268,15,29
USG-000346,ACC-00058,2026-07-01,29010263,15,28
USG-000347,ACC-00058,2026-08-01,35102418,20,21
USG-000348,ACC-00058,2026-09-01,43526998,22,24
USG-000349,ACC-00059,2026-04-01,244000,32,22
USG-000350,ACC-00059,2026-05-01,309880,37,27
USG-000351,ACC-00059,2026-06-01,387350,38,25
USG-000352,ACC-00059,2026-07-01,476440,39,23
USG-000353,ACC-00059,2026-08-01,605078,40,27
USG-000354,ACC-00059,2026-09-01,780550,45,29
USG-000355,ACC-00060,2026-04-01,1160000,124,16
USG-000356,ACC-00060,2026-05-01,1310799,129,13
USG-000357,ACC-00060,2026-06-01,1520526,133,16
USG-000358,ACC-00060,2026-07-01,1763810,139,16
USG-000359,ACC-00060,2026-08-01,2046019,144,16
USG-000360,ACC-00060,2026-09-01,2312001,149,13
USG-000361,ACC-00061,2026-04-01,49000,14,-2
USG-000362,ACC-00061,2026-05-01,50470,20,3
USG-000363,ACC-00061,2026-06-01,51984,25,3
USG-000364,ACC-00061,2026-07-01,50424,24,-3
USG-000365,ACC-00061,2026-08-01,50424,29,0
USG-000366,ACC-00061,2026-09-01,52440,29,4
USG-000367,ACC-00062,2026-04-01,11760000,115,-2
USG-000368,ACC-00062,2026-05-01,11289600,121,-4
USG-000369,ACC-00062,2026-06-01,11176704,122,-1
USG-000370,ACC-00062,2026-07-01,10617868,124,-5
USG-000371,ACC-00062,2026-08-01,9768438,125,-8
USG-000372,ACC-00062,2026-09-01,9182331,128,-6
USG-000373,ACC-00063,2026-04-01,4680000,48,17
USG-000374,ACC-00063,2026-05-01,5241600,46,12
USG-000375,ACC-00063,2026-06-01,5923007,46,13
USG-000376,ACC-00063,2026-07-01,6574537,46,11
USG-000377,ACC-00063,2026-08-01,7823699,51,19
USG-000378,ACC-00063,2026-09-01,9075490,54,16
USG-000379,ACC-00064,2026-04-01,17040000,38,42
USG-000380,ACC-00064,2026-05-01,24537600,44,44
USG-000381,ACC-00064,2026-06-01,36315648,49,48
USG-000382,ACC-00064,2026-07-01,51568220,50,42
USG-000383,ACC-00064,2026-08-01,75289601,56,46
USG-000384,ACC-00064,2026-09-01,106158337,53,41
USG-000385,ACC-00065,2026-04-01,17040000,49,42
USG-000386,ACC-00065,2026-05-01,25219200,55,48
USG-000387,ACC-00065,2026-06-01,35559072,57,41
USG-000388,ACC-00065,2026-07-01,51916245,56,46
USG-000389,ACC-00065,2026-08-01,77355205,59,49
USG-000390,ACC-00065,2026-09-01,113712151,65,47
USG-000391,ACC-00066,2026-04-01,292000,57,46
USG-000392,ACC-00066,2026-05-01,426320,62,46
USG-000393,ACC-00066,2026-06-01,635216,59,49
USG-000394,ACC-00066,2026-07-01,940119,56,48
USG-000395,ACC-00066,2026-08-01,1372573,56,46
USG-000396,ACC-00066,2026-09-01,1962779,59,43
USG-000397,ACC-00067,2026-04-01,47000,40,-6
USG-000398,ACC-00067,2026-05-01,43240,37,-8
USG-000399,ACC-00067,2026-06-01,40645,42,-6
USG-000400,ACC-00067,2026-07-01,37799,48,-7
USG-000401,ACC-00067,2026-08-01,37043,49,-2
USG-000402,ACC-00067,2026-09-01,34449,51,-7
USG-000403,ACC-00068,2026-04-01,1020000,31,2
USG-000404,ACC-00068,2026-05-01,979200,36,-4
USG-000405,ACC-00068,2026-06-01,988992,41,1
USG-000406,ACC-00068,2026-07-01,959322,46,-3
USG-000407,ACC-00068,2026-08-01,930542,43,-3
USG-000408,ACC-00068,2026-09-01,930542,45,0
USG-000409,ACC-00069,2026-04-01,51000,41,2
USG-000410,ACC-00069,2026-05-01,52020,44,2
USG-000411,ACC-00069,2026-06-01,52020,46,0
USG-000412,ACC-00069,2026-07-01,55661,50,7
USG-000413,ACC-00069,2026-08-01,56774,53,2
USG-000414,ACC-00069,2026-09-01,59612,52,5
USG-000415,ACC-00070,2026-04-01,4040000,28,1
USG-000416,ACC-00070,2026-05-01,4120800,34,2
USG-000417,ACC-00070,2026-06-01,4079592,34,-1
USG-000418,ACC-00070,2026-07-01,4120387,34,1
USG-000419,ACC-00070,2026-08-01,3955571,31,-4
USG-000420,ACC-00070,2026-09-01,3995126,36,1
USG-000421,ACC-00071,2026-04-01,960000,114,-4
USG-000422,ACC-00071,2026-05-01,940800,114,-2
USG-000423,ACC-00071,2026-06-01,865536,116,-8
USG-000424,ACC-00071,2026-07-01,839569,119,-3
USG-000425,ACC-00071,2026-08-01,789194,125,-6
USG-000426,ACC-00071,2026-09-01,773410,131,-2
USG-000427,ACC-00072,2026-04-01,200000,92,0
USG-000428,ACC-00072,2026-05-01,210000,93,5
USG-000429,ACC-00072,2026-06-01,214200,96,2
USG-000430,ACC-00072,2026-07-01,212058,95,-1
USG-000431,ACC-00072,2026-08-01,226902,95,7
USG-000432,ACC-00072,2026-09-01,240516,99,6
USG-000433,ACC-00073,2026-04-01,186000,124,-7
USG-000434,ACC-00073,2026-05-01,180420,127,-3
USG-000435,ACC-00073,2026-06-01,175007,124,-3
USG-000436,ACC-00073,2026-07-01,168006,124,-4
USG-000437,ACC-00073,2026-08-01,159605,123,-5
USG-000438,ACC-00073,2026-09-01,158008,121,-1
USG-000439,ACC-00074,2026-04-01,4000000,71,0
USG-000440,ACC-00074,2026-05-01,4000000,68,0
USG-000441,ACC-00074,2026-06-01,4000000,74,0
USG-000442,ACC-00074,2026-07-01,4240000,76,6
USG-000443,ACC-00074,2026-08-01,4324800,78,2
USG-000444,ACC-00074,2026-09-01,4627536,79,7
USG-000445,ACC-00075,2026-04-01,3840000,68,-4
USG-000446,ACC-00075,2026-05-01,3494400,68,-9
USG-000447,ACC-00075,2026-06-01,3459456,73,-1
USG-000448,ACC-00075,2026-07-01,3148104,72,-9
USG-000449,ACC-00075,2026-08-01,3085141,72,-2
USG-000450,ACC-00075,2026-09-01,2807478,73,-9
USG-000451,ACC-00076,2026-04-01,214000,130,7
USG-000452,ACC-00076,2026-05-01,226840,135,6
USG-000453,ACC-00076,2026-06-01,238182,136,5
USG-000454,ACC-00076,2026-07-01,257236,137,8
USG-000455,ACC-00076,2026-08-01,285531,135,11
USG-000456,ACC-00076,2026-09-01,319794,141,12
USG-000457,ACC-00077,2026-04-01,288000,81,44
USG-000458,ACC-00077,2026-05-01,423360,87,47
USG-000459,ACC-00077,2026-06-01,596937,90,41
USG-000460,ACC-00077,2026-07-01,883466,93,48
USG-000461,ACC-00077,2026-08-01,1281025,99,45
USG-000462,ACC-00077,2026-09-01,1806245,105,41
USG-000463,ACC-00078,2026-04-01,238000,48,19
USG-000464,ACC-00078,2026-05-01,283220,52,19
USG-000465,ACC-00078,2026-06-01,325703,54,15
USG-000466,ACC-00078,2026-07-01,377815,52,16
USG-000467,ACC-00078,2026-08-01,430709,54,14
USG-000468,ACC-00078,2026-09-01,512543,58,19
USG-000469,ACC-00079,2026-04-01,196000,129,-2
USG-000470,ACC-00079,2026-05-01,184240,126,-6
USG-000471,ACC-00079,2026-06-01,178712,131,-3
USG-000472,ACC-00079,2026-07-01,176924,129,-1
USG-000473,ACC-00079,2026-08-01,162770,132,-8
USG-000474,ACC-00079,2026-09-01,154631,129,-5
USG-000475,ACC-00080,2026-04-01,208000,86,4
USG-000476,ACC-00080,2026-05-01,201760,91,-3
USG-000477,ACC-00080,2026-06-01,207812,91,3
USG-000478,ACC-00080,2026-07-01,216124,95,4
USG-000479,ACC-00080,2026-08-01,222607,97,3
USG-000480,ACC-00080,2026-09-01,231511,97,4
USG-000481,ACC-00081,2026-04-01,216000,61,8
USG-000482,ACC-00081,2026-05-01,239760,58,11
USG-000483,ACC-00081,2026-06-01,258940,56,8
USG-000484,ACC-00081,2026-07-01,277065,53,7
USG-000485,ACC-00081,2026-08-01,288147,59,4
USG-000486,ACC-00081,2026-09-01,302554,61,5
USG-000487,ACC-00082,2026-04-01,294000,131,47
USG-000488,ACC-00082,2026-05-01,420420,136,43
USG-000489,ACC-00082,2026-06-01,601200,139,43
USG-000490,ACC-00082,2026-07-01,859716,141,43
USG-000491,ACC-00082,2026-08-01,1246588,140,45
USG-000492,ACC-00082,2026-09-01,1757689,141,41
USG-000493,ACC-00083,2026-04-01,72000,44,44
USG-000494,ACC-00083,2026-05-01,101520,46,41
USG-000495,ACC-00083,2026-06-01,150249,50,48
USG-000496,ACC-00083,2026-07-01,214856,47,43
USG-000497,ACC-00083,2026-08-01,311541,48,45
USG-000498,ACC-00083,2026-09-01,442388,45,42
USG-000499,ACC-00084,2026-04-01,62500,127,25
USG-000500,ACC-00084,2026-05-01,77500,126,24
USG-000501,ACC-00084,2026-06-01,96875,128,25
USG-000502,ACC-00084,2026-07-01,120125,133,24
USG-000503,ACC-00084,2026-08-01,146552,130,22
USG-000504,ACC-00084,2026-09-01,187586,136,28
USG-000505,ACC-00085,2026-04-01,1230000,27,23
USG-000506,ACC-00085,2026-05-01,1537500,32,25
USG-000507,ACC-00085,2026-06-01,1968000,29,28
USG-000508,ACC-00085,2026-07-01,2538720,33,29
USG-000509,ACC-00085,2026-08-01,3122625,36,23
USG-000510,ACC-00085,2026-09-01,3903281,42,25
USG-000511,ACC-00086,2026-04-01,3920000,57,-2
USG-000512,ACC-00086,2026-05-01,3802400,61,-3
USG-000513,ACC-00086,2026-06-01,3802400,60,0
USG-000514,ACC-00086,2026-07-01,3726352,61,-2
USG-000515,ACC-00086,2026-08-01,3577297,62,-4
USG-000516,ACC-00086,2026-09-01,3541524,61,-1
USG-000517,ACC-00087,2026-04-01,3960000,34,-1
USG-000518,ACC-00087,2026-05-01,3603600,31,-9
USG-000519,ACC-00087,2026-06-01,3387384,32,-6
USG-000520,ACC-00087,2026-07-01,3285762,37,-3
USG-000521,ACC-00087,2026-08-01,3187189,35,-3
USG-000522,ACC-00087,2026-09-01,3091573,35,-3
USG-000523,ACC-00088,2026-04-01,46500,129,-7
USG-000524,ACC-00088,2026-05-01,45105,133,-3
USG-000525,ACC-00088,2026-06-01,41947,130,-7
USG-000526,ACC-00088,2026-07-01,39010,127,-7
USG-000527,ACC-00088,2026-08-01,35499,133,-9
USG-000528,ACC-00088,2026-09-01,34079,133,-4
USG-000529,ACC-00089,2026-04-01,4920000,107,23
USG-000530,ACC-00089,2026-05-01,6199200,107,26
USG-000531,ACC-00089,2026-06-01,7872984,112,27
USG-000532,ACC-00089,2026-07-01,9526310,109,21
USG-000533,ACC-00089,2026-08-01,12003150,113,26
USG-000534,ACC-00089,2026-09-01,15364032,119,28
USG-000535,ACC-00090,2026-04-01,920000,14,-8
USG-000536,ACC-00090,2026-05-01,864800,13,-6
USG-000537,ACC-00090,2026-06-01,830208,19,-4
USG-000538,ACC-00090,2026-07-01,755489,16,-9
USG-000539,ACC-00090,2026-08-01,740379,16,-2
USG-000540,ACC-00090,2026-09-01,725571,14,-2
USG-000541,ACC-00091,2026-04-01,256000,10,28
USG-000542,ACC-00091,2026-05-01,314880,8,23
USG-000543,ACC-00091,2026-06-01,384153,8,22
USG-000544,ACC-00091,2026-07-01,495557,11,29
USG-000545,ACC-00091,2026-08-01,599623,16,21
USG-000546,ACC-00091,2026-09-01,767517,14,28
USG-000547,ACC-00092,2026-04-01,3920000,127,-2
USG-000548,ACC-00092,2026-05-01,3763200,128,-4
USG-000549,ACC-00092,2026-06-01,3800832,129,1
USG-000550,ACC-00092,2026-07-01,3876848,127,2
USG-000551,ACC-00092,2026-08-01,3993153,125,3
USG-000552,ACC-00092,2026-09-01,3913289,130,-2
USG-000553,ACC-00093,2026-04-01,70500,128,41
USG-000554,ACC-00093,2026-05-01,102225,129,45
USG-000555,ACC-00093,2026-06-01,147204,132,44
USG-000556,ACC-00093,2026-07-01,207557,131,41
USG-000557,ACC-00093,2026-08-01,298882,132,44
USG-000558,ACC-00093,2026-09-01,433378,131,45
USG-000559,ACC-00094,2026-04-01,194000,98,-3
USG-000560,ACC-00094,2026-05-01,186240,97,-4
USG-000561,ACC-00094,2026-06-01,188102,96,1
USG-000562,ACC-00094,2026-07-01,186220,102,-1
USG-000563,ACC-00094,2026-08-01,186220,100,0
USG-000564,ACC-00094,2026-09-01,182495,97,-2
USG-000565,ACC-00095,2026-04-01,12720000,76,6
USG-000566,ACC-00095,2026-05-01,12847200,79,1
USG-000567,ACC-00095,2026-06-01,12718728,79,-1
USG-000568,ACC-00095,2026-07-01,12845915,82,1
USG-000569,ACC-00095,2026-08-01,13359751,84,4
USG-000570,ACC-00095,2026-09-01,13359751,84,0
USG-000571,ACC-00096,2026-04-01,210000,127,5
USG-000572,ACC-00096,2026-05-01,226800,132,8
USG-000573,ACC-00096,2026-06-01,235872,131,4
USG-000574,ACC-00096,2026-07-01,254741,133,8
USG-000575,ACC-00096,2026-08-01,277667,139,9
USG-000576,ACC-00096,2026-09-01,310987,141,12
USG-000577,ACC-00097,2026-04-01,46500,98,-7
USG-000578,ACC-00097,2026-05-01,42780,104,-8
USG-000579,ACC-00097,2026-06-01,39357,106,-8
USG-000580,ACC-00097,2026-07-01,38963,112,-1
USG-000581,ACC-00097,2026-08-01,35845,111,-8
USG-000582,ACC-00097,2026-09-01,34769,116,-3
USG-000583,ACC-00098,2026-04-01,5160000,79,29
USG-000584,ACC-00098,2026-05-01,6450000,83,25
USG-000585,ACC-00098,2026-06-01,8320500,86,29
USG-000586,ACC-00098,2026-07-01,10733445,89,29
USG-000587,ACC-00098,2026-08-01,13202137,89,23
USG-000588,ACC-00098,2026-09-01,16898735,92,28
USG-000589,ACC-00099,2026-04-01,59500,6,19
USG-000590,ACC-00099,2026-05-01,68425,10,15
USG-000591,ACC-00099,2026-06-01,78688,7,15
USG-000592,ACC-00099,2026-07-01,93638,7,19
USG-000593,ACC-00099,2026-08-01,110492,12,18
USG-000594,ACC-00099,2026-09-01,123751,18,12
USG-000595,ACC-00100,2026-04-01,54000,17,8
USG-000596,ACC-00100,2026-05-01,57240,15,6
USG-000597,ACC-00100,2026-06-01,62964,16,10
USG-000598,ACC-00100,2026-07-01,65482,13,4
USG-000599,ACC-00100,2026-08-01,72030,19,10
USG-000600,ACC-00100,2026-09-01,80673,19,12
USG-000601,ACC-00101,2026-04-01,5760000,37,44
USG-000602,ACC-00101,2026-05-01,8294400,38,44
USG-000603,ACC-00101,2026-06-01,12358656,39,49
USG-000604,ACC-00101,2026-07-01,18414397,42,49
USG-000605,ACC-00101,2026-08-01,26700875,46,45
USG-000606,ACC-00101,2026-09-01,37648233,51,41
USG-000607,ACC-00102,2026-04-01,208000,36,4
USG-000608,ACC-00102,2026-05-01,210080,37,1
USG-000609,ACC-00102,2026-06-01,214281,36,2
USG-000610,ACC-00102,2026-07-01,209995,33,-2
USG-000611,ACC-00102,2026-08-01,205795,31,-2
USG-000612,ACC-00102,2026-09-01,201679,31,-2
USG-000613,ACC-00103,2026-04-01,5640000,42,41
USG-000614,ACC-00103,2026-05-01,8234400,39,46
USG-000615,ACC-00103,2026-06-01,11857536,39,44
USG-000616,ACC-00103,2026-07-01,16719125,36,41
USG-000617,ACC-00103,2026-08-01,23573966,33,41
USG-000618,ACC-00103,2026-09-01,35125209,38,49
USG-000619,ACC-00104,2026-04-01,5800000,69,45
USG-000620,ACC-00104,2026-05-01,8584000,69,48
USG-000621,ACC-00104,2026-06-01,12189280,75,42
USG-000622,ACC-00104,2026-07-01,17186884,72,41
USG-000623,ACC-00104,2026-08-01,25608457,77,49
USG-000624,ACC-00104,2026-09-01,36364008,75,42
USG-000625,ACC-00105,2026-04-01,1040000,30,4
USG-000626,ACC-00105,2026-05-01,1092000,33,5
USG-000627,ACC-00105,2026-06-01,1157520,33,6
USG-000628,ACC-00105,2026-07-01,1226971,37,6
USG-000629,ACC-00105,2026-08-01,1312858,41,7
USG-000630,ACC-00105,2026-09-01,1470400,47,12
USG-000631,ACC-00106,2026-04-01,4160000,19,4
USG-000632,ACC-00106,2026-05-01,4534400,20,9
USG-000633,ACC-00106,2026-06-01,5078528,18,12
USG-000634,ACC-00106,2026-07-01,5687951,21,12
USG-000635,ACC-00106,2026-08-01,6313625,22,11
USG-000636,ACC-00106,2026-09-01,6944987,22,10
USG-000637,ACC-00107,2026-04-01,49500,16,-1
USG-000638,ACC-00107,2026-05-01,46530,16,-6
USG-000639,ACC-00107,2026-06-01,45134,14,-3
USG-000640,ACC-00107,2026-07-01,41523,14,-8
USG-000641,ACC-00107,2026-08-01,40692,12,-2
USG-000642,ACC-00107,2026-09-01,37436,17,-8
USG-000643,ACC-00108,2026-04-01,49500,86,-1
USG-000644,ACC-00108,2026-05-01,47025,88,-5
USG-000645,ACC-00108,2026-06-01,46554,87,-1
USG-000646,ACC-00108,2026-07-01,44226,86,-5
USG-000647,ACC-00108,2026-08-01,40245,86,-9
USG-000648,ACC-00108,2026-09-01,38232,83,-5
USG-000649,ACC-00109,2026-04-01,50500,95,1
USG-000650,ACC-00109,2026-05-01,50500,98,0
USG-000651,ACC-00109,2026-06-01,51510,95,2
USG-000652,ACC-00109,2026-07-01,53055,97,3
USG-000653,ACC-00109,2026-08-01,54116,103,2
USG-000654,ACC-00109,2026-09-01,54116,104,0
USG-000655,ACC-00110,2026-04-01,17640000,75,47
USG-000656,ACC-00110,2026-05-01,26107200,74,48
USG-000657,ACC-00110,2026-06-01,36811152,72,41
USG-000658,ACC-00110,2026-07-01,51903724,77,41
USG-000659,ACC-00110,2026-08-01,74222325,78,43
USG-000660,ACC-00110,2026-09-01,104653478,77,41
USG-000661,ACC-00111,2026-04-01,15480000,25,29
USG-000662,ACC-00111,2026-05-01,19040400,25,23
USG-000663,ACC-00111,2026-06-01,24562116,29,29
USG-000664,ACC-00111,2026-07-01,30702645,26,25
USG-000665,ACC-00111,2026-08-01,37764253,29,23
USG-000666,ACC-00111,2026-09-01,46450031,26,23
USG-000667,ACC-00112,2026-04-01,13440000,95,12
USG-000668,ACC-00112,2026-05-01,15455999,97,15
USG-000669,ACC-00112,2026-06-01,17465278,101,13
USG-000670,ACC-00112,2026-07-01,19910416,103,14
USG-000671,ACC-00112,2026-08-01,22697874,106,14
USG-000672,ACC-00112,2026-09-01,26102555,105,15
USG-000673,ACC-00113,2026-04-01,208000,88,4
USG-000674,ACC-00113,2026-05-01,224640,86,8
USG-000675,ACC-00113,2026-06-01,238118,92,6
USG-000676,ACC-00113,2026-07-01,250023,97,5
USG-000677,ACC-00113,2026-08-01,265024,102,6
USG-000678,ACC-00113,2026-09-01,288876,100,9
USG-000679,ACC-00114,2026-04-01,15240000,30,27
USG-000680,ACC-00114,2026-05-01,18745200,32,23
USG-000681,ACC-00114,2026-06-01,23618952,38,26
USG-000682,ACC-00114,2026-07-01,28578931,39,21
USG-000683,ACC-00114,2026-08-01,36295242,37,27
USG-000684,ACC-00114,2026-09-01,43917242,34,21
USG-000685,ACC-00115,2026-04-01,3840000,48,-4
USG-000686,ACC-00115,2026-05-01,3916800,51,2
USG-000687,ACC-00115,2026-06-01,3760128,48,-4
USG-000688,ACC-00115,2026-07-01,3647324,47,-3
USG-000689,ACC-00115,2026-08-01,3793216,47,4
USG-000690,ACC-00115,2026-09-01,3944944,46,4
USG-000691,ACC-00116,2026-04-01,3680000,24,-8
USG-000692,ACC-00116,2026-05-01,3459200,23,-6
USG-000693,ACC-00116,2026-06-01,3355424,21,-3
USG-000694,ACC-00116,2026-07-01,3221207,19,-4
USG-000695,ACC-00116,2026-08-01,2995722,16,-7
USG-000696,ACC-00116,2026-09-01,2845935,21,-5
USG-000697,ACC-00117,2026-04-01,1100000,8,10
USG-000698,ACC-00117,2026-05-01,1199000,8,9
USG-000699,ACC-00117,2026-06-01,1294920,9,8
USG-000700,ACC-00117,2026-07-01,1424412,6,10
USG-000701,ACC-00117,2026-08-01,1538364,5,8
USG-000702,ACC-00117,2026-09-01,1630665,9,6
USG-000703,ACC-00118,2026-04-01,5800000,62,45
USG-000704,ACC-00118,2026-05-01,8178000,60,41
USG-000705,ACC-00118,2026-06-01,11612760,62,42
USG-000706,ACC-00118,2026-07-01,16722374,59,44
USG-000707,ACC-00118,2026-08-01,24414666,63,46
USG-000708,ACC-00118,2026-09-01,35157119,64,44
USG-000709,ACC-00119,2026-04-01,4080000,43,2
USG-000710,ACC-00119,2026-05-01,4365600,46,7
USG-000711,ACC-00119,2026-06-01,4365600,50,0
USG-000712,ACC-00119,2026-07-01,4583880,55,5
USG-000713,ACC-00119,2026-08-01,4629718,54,1
USG-000714,ACC-00119,2026-09-01,4814906,52,4
USG-000715,ACC-00120,2026-04-01,246000,123,23
USG-000716,ACC-00120,2026-05-01,314880,120,28
USG-000717,ACC-00120,2026-06-01,406195,123,29
USG-000718,ACC-00120,2026-07-01,515867,126,27
USG-000719,ACC-00120,2026-08-01,649992,129,26
USG-000720,ACC-00120,2026-09-01,799490,128,23
USG-000721,ACC-00121,2026-04-01,1180000,25,18
USG-000722,ACC-00121,2026-05-01,1404200,29,19
USG-000723,ACC-00121,2026-06-01,1670998,30,19
USG-000724,ACC-00121,2026-07-01,1921647,34,15
USG-000725,ACC-00121,2026-08-01,2267543,32,18
USG-000726,ACC-00121,2026-09-01,2562323,38,13
USG-000727,ACC-00122,2026-04-01,49500,53,-1
USG-000728,ACC-00122,2026-05-01,51975,51,5
USG-000729,ACC-00122,2026-06-01,55613,52,7
USG-000730,ACC-00122,2026-07-01,59505,58,7
USG-000731,ACC-00122,2026-08-01,63075,59,6
USG-000732,ACC-00122,2026-09-01,63705,58,1
USG-000733,ACC-00123,2026-04-01,290000,83,45
USG-000734,ACC-00123,2026-05-01,420500,80,45
USG-000735,ACC-00123,2026-06-01,609725,83,45
USG-000736,ACC-00123,2026-07-01,896295,88,47
USG-000737,ACC-00123,2026-08-01,1281701,86,43
USG-000738,ACC-00123,2026-09-01,1832832,84,43
USG-000739,ACC-00124,2026-04-01,1450000,119,45
USG-000740,ACC-00124,2026-05-01,2117000,118,46
USG-000741,ACC-00124,2026-06-01,3090820,119,46
USG-000742,ACC-00124,2026-07-01,4419872,116,43
USG-000743,ACC-00124,2026-08-01,6497211,117,47
USG-000744,ACC-00124,2026-09-01,9420955,115,45
USG-000745,ACC-00125,2026-04-01,64000,28,28
USG-000746,ACC-00125,2026-05-01,82560,33,29
USG-000747,ACC-00125,2026-06-01,100723,38,22
USG-000748,ACC-00125,2026-07-01,123889,42,23
USG-000749,ACC-00125,2026-08-01,153622,39,24
USG-000750,ACC-00125,2026-09-01,195099,39,27
USG-000751,ACC-00126,2026-04-01,1030000,65,3
USG-000752,ACC-00126,2026-05-01,1102100,64,7
USG-000753,ACC-00126,2026-06-01,1102100,69,0
USG-000754,ACC-00126,2026-07-01,1179247,70,7
USG-000755,ACC-00126,2026-08-01,1238209,75,5
USG-000756,ACC-00126,2026-09-01,1225826,78,-1
USG-000757,ACC-00127,2026-04-01,5640000,71,41
USG-000758,ACC-00127,2026-05-01,8008800,69,42
USG-000759,ACC-00127,2026-06-01,11292408,68,41
USG-000760,ACC-00127,2026-07-01,16035219,67,42
USG-000761,ACC-00127,2026-08-01,23411419,68,46
USG-000762,ACC-00127,2026-09-01,33712443,69,44
USG-000763,ACC-00128,2026-04-01,48000,48,-4
USG-000764,ACC-00128,2026-05-01,48960,45,2
USG-000765,ACC-00128,2026-06-01,48960,51,0
USG-000766,ACC-00128,2026-07-01,50918,54,4
USG-000767,ACC-00128,2026-08-01,48881,54,-4
USG-000768,ACC-00128,2026-09-01,50347,53,3
USG-000769,ACC-00129,2026-04-01,52000,129,4
USG-000770,ACC-00129,2026-05-01,55640,128,7
USG-000771,ACC-00129,2026-06-01,57865,128,4
USG-000772,ACC-00129,2026-07-01,60758,134,5
USG-000773,ACC-00129,2026-08-01,67441,139,11
USG-000774,ACC-00129,2026-09-01,70138,137,4
USG-000775,ACC-00130,2026-04-01,45500,73,-9
USG-000776,ACC-00130,2026-05-01,43225,77,-5
USG-000777,ACC-00130,2026-06-01,39767,77,-8
USG-000778,ACC-00130,2026-07-01,36585,81,-8
USG-000779,ACC-00130,2026-08-01,33658,87,-8
USG-000780,ACC-00130,2026-09-01,32984,92,-2
USG-000781,ACC-00131,2026-04-01,5680000,17,42
USG-000782,ACC-00131,2026-05-01,8122400,19,43
USG-000783,ACC-00131,2026-06-01,11452584,24,41
USG-000784,ACC-00131,2026-07-01,16606246,22,45
USG-000785,ACC-00131,2026-08-01,24079056,26,45
USG-000786,ACC-00131,2026-09-01,35877793,28,49
USG-000787,ACC-00132,2026-04-01,1220000,3,22
USG-000788,ACC-00132,2026-05-01,1512800,7,24
USG-000789,ACC-00132,2026-06-01,1906128,7,26
USG-000790,ACC-00132,2026-07-01,2401721,12,26
USG-000791,ACC-00132,2026-08-01,2954116,10,23
USG-000792,ACC-00132,2026-09-01,3574480,14,21
USG-000793,ACC-00133,2026-04-01,256000,143,28
USG-000794,ACC-00133,2026-05-01,309760,147,21
USG-000795,ACC-00133,2026-06-01,381004,151,23
USG-000796,ACC-00133,2026-07-01,461014,151,21
USG-000797,ACC-00133,2026-08-01,590097,149,28
USG-000798,ACC-00133,2026-09-01,749423,147,27
USG-000799,ACC-00134,2026-04-01,4760000,8,19
USG-000800,ACC-00134,2026-05-01,5616800,7,18
USG-000801,ACC-00134,2026-06-01,6346983,7,13
USG-000802,ACC-00134,2026-07-01,7425970,8,17
USG-000803,ACC-00134,2026-08-01,8762644,12,18
USG-000804,ACC-00134,2026-09-01,9814161,17,12
USG-000805,ACC-00135,2026-04-01,204000,124,2
USG-000806,ACC-00135,2026-05-01,216240,127,6
USG-000807,ACC-00135,2026-06-01,231376,125,7
USG-000808,ACC-00135,2026-07-01,229062,124,-1
USG-000809,ACC-00135,2026-08-01,235933,129,3
USG-000810,ACC-00135,2026-09-01,233573,134,-1
USG-000811,ACC-00136,2026-04-01,1120000,90,12
USG-000812,ACC-00136,2026-05-01,1164800,89,4
USG-000813,ACC-00136,2026-06-01,1257984,90,8
USG-000814,ACC-00136,2026-07-01,1346042,89,7
USG-000815,ACC-00136,2026-08-01,1440264,92,7
USG-000816,ACC-00136,2026-09-01,1526679,91,6
USG-000817,ACC-00137,2026-04-01,55500,106,11
USG-000818,ACC-00137,2026-05-01,64934,111,17
USG-000819,ACC-00137,2026-06-01,75323,115,16
USG-000820,ACC-00137,2026-07-01,86621,118,15
USG-000821,ACC-00137,2026-08-01,102212,115,18
USG-000822,ACC-00137,2026-09-01,119588,119,17
USG-000823,ACC-00138,2026-04-01,1050000,19,5
USG-000824,ACC-00138,2026-05-01,1144500,18,9
USG-000825,ACC-00138,2026-06-01,1201725,20,5
USG-000826,ACC-00138,2026-07-01,1249794,18,4
USG-000827,ACC-00138,2026-08-01,1374773,19,10
USG-000828,ACC-00138,2026-09-01,1457259,22,6
USG-000829,ACC-00139,2026-04-01,52000,4,4
USG-000830,ACC-00139,2026-05-01,55640,6,7
USG-000831,ACC-00139,2026-06-01,57865,11,4
USG-000832,ACC-00139,2026-07-01,62494,10,8
USG-000833,ACC-00139,2026-08-01,67493,10,8
USG-000834,ACC-00139,2026-09-01,70867,16,5
USG-000835,ACC-00140,2026-04-01,13559999,60,13
USG-000836,ACC-00140,2026-05-01,16136398,61,19
USG-000837,ACC-00140,2026-06-01,19202313,59,19
USG-000838,ACC-00140,2026-07-01,21890636,56,14
USG-000839,ACC-00140,2026-08-01,24298605,57,11
USG-000840,ACC-00140,2026-09-01,27214437,60,12
USG-000841,ACC-00141,2026-04-01,16920000,24,41
USG-000842,ACC-00141,2026-05-01,24364800,21,44
USG-000843,ACC-00141,2026-06-01,34841664,19,43
USG-000844,ACC-00141,2026-07-01,50868829,17,46
USG-000845,ACC-00141,2026-08-01,74777178,21,47
USG-000846,ACC-00141,2026-09-01,109174679,26,46
USG-000847,ACC-00142,2026-04-01,4280000,77,7
USG-000848,ACC-00142,2026-05-01,4665200,77,9
USG-000849,ACC-00142,2026-06-01,5038416,82,8
USG-000850,ACC-00142,2026-07-01,5290336,80,5
USG-000851,ACC-00142,2026-08-01,5501949,82,4
USG-000852,ACC-00142,2026-09-01,5722026,80,4
USG-000853,ACC-00143,2026-04-01,1080000,129,8
USG-000854,ACC-00143,2026-05-01,1198800,134,11
USG-000855,ACC-00143,2026-06-01,1318680,132,10
USG-000856,ACC-00143,2026-07-01,1437361,136,9
USG-000857,ACC-00143,2026-08-01,1537976,141,7
USG-000858,ACC-00143,2026-09-01,1676393,143,9
USG-000859,ACC-00144,2026-04-01,56000,42,12
USG-000860,ACC-00144,2026-05-01,66080,44,18
USG-000861,ACC-00144,2026-06-01,74009,43,12
USG-000862,ACC-00144,2026-07-01,84370,49,14
USG-000863,ACC-00144,2026-08-01,97869,55,16
USG-000864,ACC-00144,2026-09-01,115485,60,18
USG-000865,ACC-00145,2026-04-01,51500,89,3
USG-000866,ACC-00145,2026-05-01,54075,86,5
USG-000867,ACC-00145,2026-06-01,57319,85,6
USG-000868,ACC-00145,2026-07-01,58465,88,2
USG-000869,ACC-00145,2026-08-01,57880,87,-1
USG-000870,ACC-00145,2026-09-01,59616,88,3
USG-000871,ACC-00146,2026-04-01,5800000,100,45
USG-000872,ACC-00146,2026-05-01,8584000,104,48
USG-000873,ACC-00146,2026-06-01,12275120,101,43
USG-000874,ACC-00146,2026-07-01,17921675,99,46
USG-000875,ACC-00146,2026-08-01,26524079,97,48
USG-000876,ACC-00146,2026-09-01,37398951,101,41
USG-000877,ACC-00147,2026-04-01,298000,22,49
USG-000878,ACC-00147,2026-05-01,423160,24,42
USG-000879,ACC-00147,2026-06-01,622045,25,47
USG-000880,ACC-00147,2026-07-01,920626,30,48
USG-000881,ACC-00147,2026-08-01,1325701,34,44
USG-000882,ACC-00147,2026-09-01,1869238,34,41
USG-000883,ACC-00148,2026-04-01,51500,127,3
USG-000884,ACC-00148,2026-05-01,55105,124,7
USG-000885,ACC-00148,2026-06-01,55656,128,1
USG-000886,ACC-00148,2026-07-01,57325,126,3
USG-000887,ACC-00148,2026-08-01,59044,131,3
USG-000888,ACC-00148,2026-09-01,61405,135,4
USG-000889,ACC-00149,2026-04-01,186000,107,-7
USG-000890,ACC-00149,2026-05-01,172980,109,-7
USG-000891,ACC-00149,2026-06-01,164331,112,-5
USG-000892,ACC-00149,2026-07-01,162687,115,-1
USG-000893,ACC-00149,2026-08-01,151298,119,-7
USG-000894,ACC-00149,2026-09-01,140707,124,-7
USG-000895,ACC-00150,2026-04-01,11760000,82,-2
USG-000896,ACC-00150,2026-05-01,11407200,83,-3
USG-000897,ACC-00150,2026-06-01,10608696,80,-7
USG-000898,ACC-00150,2026-07-01,10396522,83,-2
USG-000899,ACC-00150,2026-08-01,9772730,82,-6
USG-000900,ACC-00150,2026-09-01,9577275,80,-2
USG-000901,ACC-00151,2026-04-01,208000,92,4
USG-000902,ACC-00151,2026-05-01,214240,95,3
USG-000903,ACC-00151,2026-06-01,209955,97,-2
USG-000904,ACC-00151,2026-07-01,205755,97,-2
USG-000905,ACC-00151,2026-08-01,213985,100,4
USG-000906,ACC-00151,2026-09-01,222544,104,4
USG-000907,ACC-00152,2026-04-01,12480000,17,4
USG-000908,ACC-00152,2026-05-01,13977600,22,12
USG-000909,ACC-00152,2026-06-01,15375360,28,10
USG-000910,ACC-00152,2026-07-01,16451635,27,7
USG-000911,ACC-00152,2026-08-01,17109700,29,4
USG-000912,ACC-00152,2026-09-01,18649573,29,9
USG-000913,ACC-00153,2026-04-01,990000,9,-1
USG-000914,ACC-00153,2026-05-01,999900,13,1
USG-000915,ACC-00153,2026-06-01,1019898,19,2
USG-000916,ACC-00153,2026-07-01,1070892,17,5
USG-000917,ACC-00153,2026-08-01,1113727,23,4
USG-000918,ACC-00153,2026-09-01,1180550,26,6
USG-000919,ACC-00154,2026-04-01,1020000,7,2
USG-000920,ACC-00154,2026-05-01,1071000,11,5
USG-000921,ACC-00154,2026-06-01,1060290,15,-1
USG-000922,ACC-00154,2026-07-01,1134510,21,7
USG-000923,ACC-00154,2026-08-01,1202580,25,6
USG-000924,ACC-00154,2026-09-01,1250683,27,4
USG-000925,ACC-00155,2026-04-01,1050000,49,5
USG-000926,ACC-00155,2026-05-01,1092000,49,4
USG-000927,ACC-00155,2026-06-01,1223040,50,12
USG-000928,ACC-00155,2026-07-01,1296422,49,6
USG-000929,ACC-00155,2026-08-01,1439028,49,11
USG-000930,ACC-00155,2026-09-01,1582930,48,10
USG-000931,ACC-00156,2026-04-01,3840000,54,-4
USG-000932,ACC-00156,2026-05-01,3763200,53,-2
USG-000933,ACC-00156,2026-06-01,3876096,51,3
USG-000934,ACC-00156,2026-07-01,3759813,49,-3
USG-000935,ACC-00156,2026-08-01,3872607,51,3
USG-000936,ACC-00156,2026-09-01,3988785,54,3
USG-000937,ACC-00157,2026-04-01,12600000,36,5
USG-000938,ACC-00157,2026-05-01,13356000,33,6
USG-000939,ACC-00157,2026-06-01,14424480,32,8
USG-000940,ACC-00157,2026-07-01,16155417,34,12
USG-000941,ACC-00157,2026-08-01,16963187,35,5
USG-000942,ACC-00157,2026-09-01,18320241,40,8
USG-000943,ACC-00158,2026-04-01,3840000,61,-4
USG-000944,ACC-00158,2026-05-01,3532800,64,-8
USG-000945,ACC-00158,2026-06-01,3214848,64,-9
USG-000946,ACC-00158,2026-07-01,2989808,63,-7
USG-000947,ACC-00158,2026-08-01,2720725,62,-9
USG-000948,ACC-00158,2026-09-01,2639103,68,-3
USG-000949,ACC-00159,2026-04-01,11400000,5,-5
USG-000950,ACC-00159,2026-05-01,11058000,6,-3
USG-000951,ACC-00159,2026-06-01,10836840,4,-2
USG-000952,ACC-00159,2026-07-01,9861524,7,-9
USG-000953,ACC-00159,2026-08-01,9762908,4,-1
USG-000954,ACC-00159,2026-09-01,8981875,8,-8
USG-000955,ACC-00160,2026-04-01,3880000,10,-3
USG-000956,ACC-00160,2026-05-01,3841200,14,-1
USG-000957,ACC-00160,2026-06-01,3687552,16,-4
USG-000958,ACC-00160,2026-07-01,3540049,13,-4
USG-000959,ACC-00160,2026-08-01,3540049,19,0
USG-000960,ACC-00160,2026-09-01,3504648,19,-1
USG-000961,ACC-00161,2026-04-01,296000,107,48
USG-000962,ACC-00161,2026-05-01,429200,108,45
USG-000963,ACC-00161,2026-06-01,630924,114,47
USG-000964,ACC-00161,2026-07-01,908530,112,44
USG-000965,ACC-00161,2026-08-01,1344624,111,48
USG-000966,ACC-00161,2026-09-01,1949704,115,45
USG-000967,ACC-00162,2026-04-01,4440000,69,11
USG-000968,ACC-00162,2026-05-01,5061600,75,14
USG-000969,ACC-00162,2026-06-01,5618376,78,11
USG-000970,ACC-00162,2026-07-01,6517316,79,16
USG-000971,ACC-00162,2026-08-01,7234220,78,11
USG-000972,ACC-00162,2026-09-01,8391695,84,16
USG-000973,ACC-00163,2026-04-01,11280000,92,-6
USG-000974,ACC-00163,2026-05-01,10603200,91,-6
USG-000975,ACC-00163,2026-06-01,10391136,90,-2
USG-000976,ACC-00163,2026-07-01,10183313,89,-2
USG-000977,ACC-00163,2026-08-01,10081479,87,-1
USG-000978,ACC-00163,2026-09-01,9375775,93,-7
USG-000979,ACC-00164,2026-04-01,50500,99,1
USG-000980,ACC-00164,2026-05-01,50500,105,0
USG-000981,ACC-00164,2026-06-01,51510,102,2
USG-000982,ACC-00164,2026-07-01,50479,105,-2
USG-000983,ACC-00164,2026-08-01,51488,109,2
USG-000984,ACC-00164,2026-09-01,52517,111,2
USG-000985,ACC-00165,2026-04-01,286000,124,43
USG-000986,ACC-00165,2026-05-01,414700,126,45
USG-000987,ACC-00165,2026-06-01,597168,132,44
USG-000988,ACC-00165,2026-07-01,883808,133,48
USG-000989,ACC-00165,2026-08-01,1290359,130,46
USG-000990,ACC-00165,2026-09-01,1909731,127,48
USG-000991,ACC-00166,2026-04-01,11880000,117,-1
USG-000992,ACC-00166,2026-05-01,12592800,119,6
USG-000993,ACC-00166,2026-06-01,13222440,116,5
USG-000994,ACC-00166,2026-07-01,13354664,113,1
USG-000995,ACC-00166,2026-08-01,14289490,110,7
USG-000996,ACC-00166,2026-09-01,14289490,116,0
USG-000997,ACC-00167,2026-04-01,196000,12,-2
USG-000998,ACC-00167,2026-05-01,197960,13,1
USG-000999,ACC-00167,2026-06-01,195980,19,-1
USG-001000,ACC-00167,2026-07-01,188140,20,-4
USG-001001,ACC-00167,2026-08-01,188140,25,0
USG-001002,ACC-00167,2026-09-01,180614,31,-4
USG-001003,ACC-00168,2026-04-01,202000,47,1
USG-001004,ACC-00168,2026-05-01,199980,47,-1
USG-001005,ACC-00168,2026-06-01,195980,44,-2
USG-001006,ACC-00168,2026-07-01,192060,44,-2
USG-001007,ACC-00168,2026-08-01,193980,42,1
USG-001008,ACC-00168,2026-09-01,186220,41,-4
USG-001009,ACC-00169,2026-04-01,990000,85,-1
USG-001010,ACC-00169,2026-05-01,1009800,87,2
USG-001011,ACC-00169,2026-06-01,1040094,89,3
USG-001012,ACC-00169,2026-07-01,1029693,89,-1
USG-001013,ACC-00169,2026-08-01,1081177,95,5
USG-001014,ACC-00169,2026-09-01,1156859,100,7
USG-001015,ACC-00170,2026-04-01,14880000,81,24
USG-001016,ACC-00170,2026-05-01,18451200,81,24
USG-001017,ACC-00170,2026-06-01,22879488,80,24
USG-001018,ACC-00170,2026-07-01,28599360,80,25
USG-001019,ACC-00170,2026-08-01,36321187,79,27
USG-001020,ACC-00170,2026-09-01,46127907,78,27
USG-001021,ACC-00171,2026-04-01,48000,146,-4
USG-001022,ACC-00171,2026-05-01,47520,146,-1
USG-001023,ACC-00171,2026-06-01,43718,145,-8
USG-001024,ACC-00171,2026-07-01,41532,146,-5
USG-001025,ACC-00171,2026-08-01,38209,145,-8
USG-001026,ACC-00171,2026-09-01,34770,149,-9
USG-001027,ACC-00172,2026-04-01,1010000,100,1
USG-001028,ACC-00172,2026-05-01,1010000,99,0
USG-001029,ACC-00172,2026-06-01,1030200,103,2
USG-001030,ACC-00172,2026-07-01,1081710,103,5
USG-001031,ACC-00172,2026-08-01,1081710,107,0
USG-001032,ACC-00172,2026-09-01,1146612,108,6
USG-001033,ACC-00173,2026-04-01,12120000,96,1
USG-001034,ACC-00173,2026-05-01,11998800,99,-1
USG-001035,ACC-00173,2026-06-01,12118788,105,1
USG-001036,ACC-00173,2026-07-01,12482351,103,3
USG-001037,ACC-00173,2026-08-01,12731998,107,2
USG-001038,ACC-00173,2026-09-01,13241277,113,4
USG-001039,ACC-00174,2026-04-01,51000,40,2
USG-001040,ACC-00174,2026-05-01,49470,40,-3
USG-001041,ACC-00174,2026-06-01,47985,44,-3
USG-001042,ACC-00174,2026-07-01,48464,44,1
USG-001043,ACC-00174,2026-08-01,49433,43,2
USG-001044,ACC-00174,2026-09-01,50421,44,2
USG-001045,ACC-00175,2026-04-01,4160000,87,4
USG-001046,ACC-00175,2026-05-01,4160000,90,0
USG-001047,ACC-00175,2026-06-01,4035200,89,-3
USG-001048,ACC-00175,2026-07-01,3873792,95,-4
USG-001049,ACC-00175,2026-08-01,3951267,93,2
USG-001050,ACC-00175,2026-09-01,4069805,93,3
USG-001051,ACC-00176,2026-04-01,56499,9,13
USG-001052,ACC-00176,2026-05-01,64973,11,15
USG-001053,ACC-00176,2026-06-01,73419,12,13
USG-001054,ACC-00176,2026-07-01,81495,12,11
USG-001055,ACC-00176,2026-08-01,92089,10,13
USG-001056,ACC-00176,2026-09-01,103139,12,12
USG-001057,ACC-00177,2026-04-01,198000,89,-1
USG-001058,ACC-00177,2026-05-01,198000,90,0
USG-001059,ACC-00177,2026-06-01,201960,89,2
USG-001060,ACC-00177,2026-07-01,201960,95,0
USG-001061,ACC-00177,2026-08-01,201960,96,0
USG-001062,ACC-00177,2026-09-01,205999,93,2
USG-001063,ACC-00178,2026-04-01,13320000,115,11
USG-001064,ACC-00178,2026-05-01,14385600,119,8
USG-001065,ACC-00178,2026-06-01,15248736,121,6
USG-001066,ACC-00178,2026-07-01,16468634,120,8
USG-001067,ACC-00178,2026-08-01,17456752,118,6
USG-001068,ACC-00178,2026-09-01,19551562,123,12
USG-001069,ACC-00179,2026-04-01,252000,73,26
USG-001070,ACC-00179,2026-05-01,307440,79,22
USG-001071,ACC-00179,2026-06-01,378151,76,23
USG-001072,ACC-00179,2026-07-01,472688,81,25
USG-001073,ACC-00179,2026-08-01,605040,85,28
USG-001074,ACC-00179,2026-09-01,732098,88,21
USG-001075,ACC-00180,2026-04-01,5760000,100,44
USG-001076,ACC-00180,2026-05-01,8294400,99,44
USG-001077,ACC-00180,2026-06-01,12358656,102,49
USG-001078,ACC-00180,2026-07-01,18043637,100,46
USG-001079,ACC-00180,2026-08-01,26343710,106,46
USG-001080,ACC-00180,2026-09-01,37144631,105,41
USG-001081,ACC-00181,2026-04-01,1290000,123,29
USG-001082,ACC-00181,2026-05-01,1638300,124,27
USG-001083,ACC-00181,2026-06-01,1982343,129,21
USG-001084,ACC-00181,2026-07-01,2497752,134,26
USG-001085,ACC-00181,2026-08-01,3147167,139,26
USG-001086,ACC-00181,2026-09-01,4059845,139,29
USG-001087,ACC-00182,2026-04-01,17520000,49,46
USG-001088,ACC-00182,2026-05-01,25929600,48,48
USG-001089,ACC-00182,2026-06-01,38116512,47,47
USG-001090,ACC-00182,2026-07-01,53744281,52,41
USG-001091,ACC-00182,2026-08-01,77929207,55,45
USG-001092,ACC-00182,2026-09-01,115335226,54,48
USG-001093,ACC-00183,2026-04-01,12360000,46,3
USG-001094,ACC-00183,2026-05-01,12854400,48,4
USG-001095,ACC-00183,2026-06-01,12854400,54,0
USG-001096,ACC-00183,2026-07-01,13497120,53,5
USG-001097,ACC-00183,2026-08-01,14441918,52,7
USG-001098,ACC-00183,2026-09-01,14586337,51,1
USG-001099,ACC-00184,2026-04-01,1420000,10,42
USG-001100,ACC-00184,2026-05-01,2030600,12,43
USG-001101,ACC-00184,2026-06-01,2984982,11,47
USG-001102,ACC-00184,2026-07-01,4328223,15,45
USG-001103,ACC-00184,2026-08-01,6189358,20,43
USG-001104,ACC-00184,2026-09-01,9098356,20,47
USG-001105,ACC-00185,2026-04-01,11520000,65,-4
USG-001106,ACC-00185,2026-05-01,11289600,64,-2
USG-001107,ACC-00185,2026-06-01,11176704,65,-1
USG-001108,ACC-00185,2026-07-01,10841402,66,-3
USG-001109,ACC-00185,2026-08-01,10624573,72,-2
USG-001110,ACC-00185,2026-09-01,10199590,69,-4
USG-001111,ACC-00186,2026-04-01,12720000,113,6
USG-001112,ACC-00186,2026-05-01,13228800,112,4
USG-001113,ACC-00186,2026-06-01,14551680,115,10
USG-001114,ACC-00186,2026-07-01,15133747,116,4
USG-001115,ACC-00186,2026-08-01,16495784,113,9
USG-001116,ACC-00186,2026-09-01,17980404,116,9
USG-001117,ACC-00187,2026-04-01,196000,51,-2
USG-001118,ACC-00187,2026-05-01,178360,48,-9
USG-001119,ACC-00187,2026-06-01,167658,54,-6
USG-001120,ACC-00187,2026-07-01,154245,51,-8
USG-001121,ACC-00187,2026-08-01,141905,57,-8
USG-001122,ACC-00187,2026-09-01,133390,57,-6
USG-001123,ACC-00188,2026-04-01,1130000,53,13
USG-001124,ACC-00188,2026-05-01,1276899,54,13
USG-001125,ACC-00188,2026-06-01,1506740,52,18
USG-001126,ACC-00188,2026-07-01,1687548,58,12
USG-001127,ACC-00188,2026-08-01,1923804,61,14
USG-001128,ACC-00188,2026-09-01,2135422,58,11
USG-001129,ACC-00189,2026-04-01,4520000,12,13
USG-001130,ACC-00189,2026-05-01,5333600,9,18
USG-001131,ACC-00189,2026-06-01,6186976,12,16
USG-001132,ACC-00189,2026-07-01,7115022,15,15
USG-001133,ACC-00189,2026-08-01,7968824,18,12
USG-001134,ACC-00189,2026-09-01,8845394,22,11
USG-001135,ACC-00190,2026-04-01,4320000,36,8
USG-001136,ACC-00190,2026-05-01,4838400,38,12
USG-001137,ACC-00190,2026-06-01,5031936,35,4
USG-001138,ACC-00190,2026-07-01,5484810,35,9
USG-001139,ACC-00190,2026-08-01,6088139,34,11
USG-001140,ACC-00190,2026-09-01,6514308,35,7
USG-001141,ACC-00191,2026-04-01,4400000,25,10
USG-001142,ACC-00191,2026-05-01,4708000,23,7
USG-001143,ACC-00191,2026-06-01,5037560,23,7
USG-001144,ACC-00191,2026-07-01,5541316,21,10
USG-001145,ACC-00191,2026-08-01,5762968,27,4
USG-001146,ACC-00191,2026-09-01,6224005,28,8
USG-001147,ACC-00192,2026-04-01,50500,114,1
USG-001148,ACC-00192,2026-05-01,50500,117,0
USG-001149,ACC-00192,2026-06-01,52520,118,4
USG-001150,ACC-00192,2026-07-01,54095,116,3
USG-001151,ACC-00192,2026-08-01,55176,120,2
USG-001152,ACC-00192,2026-09-01,55727,124,1
USG-001153,ACC-00193,2026-04-01,4640000,106,16
USG-001154,ACC-00193,2026-05-01,5428800,103,17
USG-001155,ACC-00193,2026-06-01,6351696,103,17
USG-001156,ACC-00193,2026-07-01,7304450,109,15
USG-001157,ACC-00193,2026-08-01,8400117,108,15
USG-001158,ACC-00193,2026-09-01,9324129,109,11
USG-001159,ACC-00194,2026-04-01,4360000,22,9
USG-001160,ACC-00194,2026-05-01,4578000,27,5
USG-001161,ACC-00194,2026-06-01,5127360,31,12
USG-001162,ACC-00194,2026-07-01,5332454,29,4
USG-001163,ACC-00194,2026-08-01,5919023,35,11
USG-001164,ACC-00194,2026-09-01,6333354,34,7
USG-001165,ACC-00195,2026-04-01,929999,50,-7
USG-001166,ACC-00195,2026-05-01,920699,50,-1
USG-001167,ACC-00195,2026-06-01,902285,51,-2
USG-001168,ACC-00195,2026-07-01,857170,52,-5
USG-001169,ACC-00195,2026-08-01,788596,56,-8
USG-001170,ACC-00195,2026-09-01,733394,56,-7
USG-001171,ACC-00196,2026-04-01,1090000,91,9
USG-001172,ACC-00196,2026-05-01,1220800,94,12
USG-001173,ACC-00196,2026-06-01,1318464,98,8
USG-001174,ACC-00196,2026-07-01,1371202,97,4
USG-001175,ACC-00196,2026-08-01,1494610,98,9
USG-001176,ACC-00196,2026-09-01,1673963,100,12
USG-001177,ACC-00197,2026-04-01,286000,102,43
USG-001178,ACC-00197,2026-05-01,426140,108,49
USG-001179,ACC-00197,2026-06-01,600857,109,41
USG-001180,ACC-00197,2026-07-01,889268,108,48
USG-001181,ACC-00197,2026-08-01,1280545,113,44
USG-001182,ACC-00197,2026-09-01,1882401,114,47
USG-001183,ACC-00198,2026-04-01,48000,6,-4
USG-001184,ACC-00198,2026-05-01,47520,8,-1
USG-001185,ACC-00198,2026-06-01,45619,12,-4
USG-001186,ACC-00198,2026-07-01,43338,11,-5
USG-001187,ACC-00198,2026-08-01,39870,14,-8
USG-001188,ACC-00198,2026-09-01,37876,14,-5
USG-001189,ACC-00199,2026-04-01,1410000,13,41
USG-001190,ACC-00199,2026-05-01,2030400,17,44
USG-001191,ACC-00199,2026-06-01,3025296,15,49
USG-001192,ACC-00199,2026-07-01,4386679,18,45
USG-001193,ACC-00199,2026-08-01,6185217,19,41
USG-001194,ACC-00199,2026-09-01,9154121,22,48
USG-001195,ACC-00200,2026-04-01,51500,83,3
USG-001196,ACC-00200,2026-05-01,53560,84,4
USG-001197,ACC-00200,2026-06-01,53560,84,0
USG-001198,ACC-00200,2026-07-01,55166,81,3
USG-001199,ACC-00200,2026-08-01,56269,84,2
USG-001200,ACC-00200,2026-09-01,54580,89,-3
